task_id,source_id,workflow_sha256,lineage_group,domain,size,topology,cross_type_direction,has_control_operation,has_explicit_code,native_node_count,native_main_edge_count,native_dependency_edge_count,requirement_sha256,dataset_partition
N8F-001,n8n:18301,a4de396c27771806fa9f40501a40637a1d1ef2ae847c5e83df5f4e1e0f15c793,N8N-LINEAGE-0092,customer_service,native_11_20,single_branch,bidirectional,True,True,16,13,6,bf0e6cb9d26bc81f49ac01847429d56fe627af4d2ab5a1c89d5f5bfb453d95a3,formal_test
N8F-002,n8n:12195,775e2aea98c5e6d6cf6161e724dbb149fb6ba93ff9569642b7f5dd9261d05ef8,N8N-LINEAGE-0027,industrial,native_11_20,multi_branch_join,bidirectional,True,True,15,15,2,e17fac7db51704c8bd8e7a3933e941196fcc1e06167e5e95d1844616ab81ae48,formal_test
N8F-003,n8n:2778,45b39daf78bd61f1b707392b8f7f88b8033e504c69059bdabf87d6808568451d,N8N-LINEAGE-0101,general,native_21_40,iteration_or_cycle,bidirectional,True,True,21,22,11,af6ddb89e8a9cd4d63d8cb449a919dd4902c7215f96690be16a9347c5323b08f,formal_test
N8F-004,n8n:18255,34d2063895ad9d5a9ba0c1b94c129a577228e0e72079b9ca904b2f58edfbfe72,N8N-LINEAGE-0086,general,native_21_40,iteration_or_cycle,bidirectional,True,True,22,22,2,0c351e88b1c19ca602965f32463f7ed77858616e6c61df8116c632c5e7affe18,formal_test
N8F-005,n8n:13367,d4c9019b80f31d124e355cceee5ff3f3db63156b1e6e4fe332e10ec3320f4de2,N8N-LINEAGE-0034,customer_service,native_11_20,multi_branch_join,bidirectional,True,True,20,20,4,4c4474220641eb053aa44e37e2e028a8fc69af414e843f2f51660cbcdeedba59,formal_test
N8F-006,n8n:12142,62e9ab90927e496a53708bb624ff74970ab9d56fa240e23c2e4152d470530aeb,N8N-LINEAGE-0022,medical,native_11_20,iteration_or_cycle,bidirectional,True,True,13,13,0,ac45d955b0d7dcb3e4587f9932067b71b124ed23cf22d1cf00d6926a200ec942,development_qualification
N8F-007,n8n:18265,c6e7af3f0f3728ca24b561785de9febc50acc37c829b7bd20d77adedc2ad2967,N8N-LINEAGE-0088,general,native_21_40,iteration_or_cycle,bidirectional,True,True,22,22,2,2342bd3405f63d6a15eaaafbcd0b03931b09cb117aa583147693614e307e8b9b,formal_test
N8F-008,n8n:14338,741791cdb94734d3298db80b8dd045d2608ca4eb4dde3ef0bc7532a9a47b6e55,N8N-LINEAGE-0054,governance,native_21_40,multi_branch_join,bidirectional,True,True,27,29,8,0d8092e139b1fcb82853a17bb96fae354b6e8640d231b9b4bf84f52b9ed049cf,development_qualification
N8F-009,n8n:18326,fd422c1947a13493b6d11223e69709078819c55e44596f56d06335d3de3e965a,N8N-LINEAGE-0098,general,native_21_40,iteration_or_cycle,bidirectional,True,True,28,29,2,3c68c0e7d47b9f027dd25c6f3df2d1a32ea99de2fe778f41e0e3bb29558c0f76,formal_test
N8F-010,n8n:18250,d6f56dd488da059fd6726ddc153ac39aebbace420ec2e1080f193c1b037f2adb,N8N-LINEAGE-0083,governance,native_11_20,sequence_or_parallel_sequences,bidirectional,False,True,11,10,0,d3a97c11ea945405376f92ae26526a701292b12470d1f50a7485678b5f7765c3,formal_test
N8F-011,n8n:3408,d4b63d3b1d2f2cd961f045389cb2760ff17367d7cef3484e652278becf66ac38,N8N-LINEAGE-0115,general,native_21_40,multi_branch_join,bidirectional,True,True,36,42,22,4db09e5b16b441dbcdb8b105b8f903ba8d9793aba214e8169045d7b69aadb6c4,formal_test
N8F-012,n8n:18252,75232062339a1c4211ab11e799d5662580067a8bd1b9fb3ed229f768adef0b9a,N8N-LINEAGE-0084,general,native_41_plus,iteration_or_cycle,bidirectional,True,True,47,53,0,5ca8bb5867261260ff9d8e866fe4b8d930f085201e2fec5ff11340354fb683f1,development_qualification
N8F-013,n8n:16235,9bd784e7b584cd293cba69553acd9ae098868fe54b44b56db4d85809fc963b6d,N8N-LINEAGE-0072,customer_service,native_11_20,multi_branch,bidirectional,True,True,13,12,8,d03143cde3f221518292eccff8138749c1dca4c12491874d4e7267246a72a273,formal_test
N8F-014,n8n:7756,2ceb3de1ae731a06346550adcff102c44363f26655e2c52980f36c0345c142ba,N8N-LINEAGE-0136,medical,native_21_40,multi_branch_join,bidirectional,True,True,34,32,9,913ca08f54c52f5e3248f9ef8bcbe0f6f4136e2a1d30a8116484a38558566c8d,formal_test
N8F-015,n8n:6777,77c0825686cd83b8a60632d6f65d0ef34b0076399be52dc3b3c14e087fe07435,N8N-LINEAGE-0131,customer_service,native_41_plus,iteration_or_cycle,bidirectional,True,True,67,68,6,9aea94aaa6e9f94e3d765e32edbe853dbc5db5539ccdc3412305c844c447ef90,formal_test
N8F-016,n8n:6768,bf317c3b349974c1ca349c19efc234b557327ca435ff322192f802e44249f38c,N8N-LINEAGE-0129,general,native_21_40,iteration_or_cycle,bidirectional,True,True,26,26,3,c6a751b24d681e139ef84b27a4f1b40564d70a59a5b824001ac9cc8afa9aa893,development_qualification
N8F-017,n8n:6813,a642243d59a71534b071a461a8487451e15d2a3234dfa1cc549bab841a030a1f,N8N-LINEAGE-0133,customer_service,native_11_20,multi_branch_join,bidirectional,True,True,20,23,12,ec7ac7fd3aacef7cd59d9bdea976028d7c65575e52e726e2e74d09fe213c23c7,formal_test
N8F-018,n8n:9886,4e6864e80d3527d5a06a8e503d186aa4b7b3e3c5c68b250af647f41a2b3a40e4,N8N-LINEAGE-0157,governance,native_41_plus,iteration_or_cycle,bidirectional,True,True,41,43,6,55dde59b84d452dbb29c4831be7016f4283ea5931f5082d900a146a89a33bc07,formal_test
N8F-019,n8n:12179,491669520846c738d2e1c9b530a135ae8bd3885f6b7d5245daf3a913f0b96031,N8N-LINEAGE-0024,general,native_11_20,iteration_or_cycle,bidirectional,True,True,19,18,0,b1b02f26e6317fa9c6381a35e9f01571c1ba89ce29a925d8aee2569df50f27ef,formal_test
N8F-020,n8n:18236,b6b75ad2ab22a8dcad67d7b443a7c48e100acd6f0d2ae1177d2c5915025fb2da,N8N-LINEAGE-0081,general,native_41_plus,iteration_or_cycle,bidirectional,True,True,59,62,4,70c8914053352c45808e664db3347279263e40d8380563559787145176569f77,formal_test
N8F-021,n8n:18227,00a12ea31e2240029a168d065b5eba3decdda7b72c14779811ff4ddaa7f758c9,N8N-LINEAGE-0079,customer_service,native_11_20,iteration_or_cycle,bidirectional,True,True,19,19,2,e459c0e51c5d26da6982e0555552c8e415e03211db74b30ba721cedb5abbcdb1,development_qualification
N8F-022,n8n:18325,7aee459d40e6754791ee7fbe486e3e568e9de43497342e1855645055b45ec44f,N8N-LINEAGE-0097,governance,native_11_20,iteration_or_cycle,bidirectional,True,True,18,19,0,822104ae68f8d74a4d8e96600ece7130cee04b32867181b6018b02049c4cf2cd,formal_test
N8F-023,n8n:9200,745473a51c1ab442b581b2bd2f902bdb0973e755850bb01c867af3572ba784bb,N8N-LINEAGE-0145,customer_service,native_41_plus,iteration_or_cycle,bidirectional,True,True,51,61,6,808e718e48678b6f68703580e1d25498e2a6728aff033e47fa725b51b2a37c57,formal_test
N8F-024,n8n:18332,f766a43005b9c2f06fc0ef41f8e3e064b4d5f405ade18b9bd0f70fb337e9285f,N8N-LINEAGE-0099,general,native_21_40,multi_branch_join,bidirectional,True,True,34,30,3,93f5004b713fdebfd1e5cc98b3633bc9c9a3904768d35db1dd3f75a5a7cea098,development_qualification
N8F-025,n8n:11226,eea4a38ec0dd9a66d100cd3a9406d67f6878aeb002fc34befb7b93fdc349e710,N8N-LINEAGE-0011,customer_service,native_11_20,iteration_or_cycle,bidirectional,True,True,17,19,3,25ebbd3d28fcf821ee90f9f78effeadbd5a7a6816ee6a6027b8fd66a7fe2304e,formal_test
N8F-026,n8n:18238,22d7798671e95a36da7083a567a475322428d3cd3c33b1740f63c061c2fa469a,N8N-LINEAGE-0082,customer_service,native_21_40,iteration_or_cycle,bidirectional,True,True,22,22,2,af2fdd0d50d54d7b8d86e1558f4c0f315b809051a807f2d7e4f33f082fb8add7,development_qualification
N8F-027,n8n:14355,8de5f5a7e048be3ee921eafc5b8c4705cceacb1d9583bf0d6e6f463b7463cda1,N8N-LINEAGE-0055,general,native_11_20,iteration_or_cycle,bidirectional,True,True,19,20,0,85bfaf7aa4dc571771b0c085792051e4299f299d3860d9ce3d4b3ecef4fe7b77,formal_test
N8F-028,n8n:13518,2752fd29a2a78c392eb52343d4563f5c243e812097427e41b0446a5dd578ece3,N8N-LINEAGE-0036,general,native_1_10,iteration_or_cycle,bidirectional,True,True,10,11,1,205c715ae0d09f101e0f7417aaddf964ebd44400957f03880ecd0f44fc468ba7,development_qualification
N8F-029,n8n:11807,ad9ac5560934b1b90dab2a582200c251c6850da5f3825500ff61df5789346801,N8N-LINEAGE-0015,customer_service,native_41_plus,multi_branch_join,bidirectional,True,True,67,74,9,5ae844aec8f80c6fc0e88f2eeb9abb61a87a8c1ae64efc0c89970cf39c1cc560,development_qualification
N8F-030,n8n:14311,8912bd0184e8514e58c3931c723e126d4204696291e9849b483a6f36897bb91c,N8N-LINEAGE-0051,general,native_11_20,iteration_or_cycle,bidirectional,True,True,20,22,3,6cd504c4a44fa1d7abc4f9ace89de206be8224f9ac043a71e66c918794ff47b5,formal_test
N8F-031,n8n:8031,84caeaa1950a018fa8f35931373aa82546836358080e44a241e43bfb2f8b4ece,N8N-LINEAGE-0139,general,native_1_10,single_branch,bidirectional,True,True,8,7,0,e6720e1c2f31b01deb4d4148325db73e9cbd1176cf8a2af925b1b7f0068aec53,formal_test
N8F-032,n8n:12264,67145659865e9b1e6b8a9ce1a16768f527f5e459a0375d5ba360e02fc7ab9421,N8N-LINEAGE-0029,general,native_21_40,multi_branch_join,bidirectional,True,True,35,35,0,85191ba356727d2658b551e02a9fd529b874feb565977a2c9fef2b96e52713a3,formal_test
N8F-033,n8n:6729,f013fef043ed1cd370ec518753462e160371f01deb897870c1040d6bff7cd2be,N8N-LINEAGE-0123,general,native_21_40,iteration_or_cycle,bidirectional,True,True,27,30,2,1dde265c853a22b92937e6962b6835d918850d0c7dbe0a00cfcbf169fb2bbdfe,formal_test
N8F-034,n8n:3155,a29f5b91ef734047596dfdc30ca43fa297a512dba202bfe9d49b510796388d5d,N8N-LINEAGE-0111,general,native_21_40,iteration_or_cycle,bidirectional,True,True,25,25,3,fff929bc124d0c0495a69c576e26196036258342ec64411b851abd3aa76200b9,formal_test
N8F-035,n8n:3407,394b3989286c546f01b359bbc5714f41d1a72928d95b3d7260f63b975358382e,N8N-LINEAGE-0114,general,native_21_40,iteration_or_cycle,bidirectional,True,True,40,52,0,3e626d1bed7c5b59603d5c5aa55f0d2481c1dfdf3e699586c8338507d110e8fa,formal_test
N8F-036,n8n:13962,f2ab673c970dcca93a61500b769dd38410cc550d8cd8c2f40f6a0c1b2cbc0222,N8N-LINEAGE-0042,general,native_21_40,single_branch,bidirectional,True,True,23,17,7,d78112c8019072dbe0e17440d8a7a7c077e3619f6d595b461e64e8a36dfb683c,development_qualification
N8F-037,n8n:12268,4de9cd2f0c10b6d8620f54ccfd38fba730d5d0e483e88db40cac336c69eae252,N8N-LINEAGE-0030,governance,native_11_20,multi_branch,bidirectional,True,True,13,12,1,6a162c99d379991ec2db1d3db3dbd6ee23a56afce8212d2c50d972dd5dc5e4d0,formal_test
N8F-038,n8n:14057,292cd1e22873065d18e7903ad7c8858b16b295aa9e5eb34a129e41b35d1efaac,N8N-LINEAGE-0044,general,native_11_20,branch_join,deterministic_to_semantic,True,True,14,11,4,4e606245eb5a44d718d6a5d0ef334214bc3c1a84013cafe1b58b33f28e2a3454,formal_test
N8F-039,n8n:12273,d91970393f5aaf7cee0141fdfd96fc4f275a56c68e2f3448e22dc6af1209fca1,N8N-LINEAGE-0031,general,native_11_20,multi_branch_join,bidirectional,False,True,11,13,3,fb7c63d0b82e1c3379fd95b7fb1e6719f3d3406d1415f4374fdb84c243c0d182,development_qualification
N8F-040,n8n:16223,97c6f39d7ec6456a4ac3df3ead170d9a0ea144805f8a788d0752c70cfda52632,N8N-LINEAGE-0070,customer_service,native_1_10,sequence_or_parallel_sequences,bidirectional,True,True,8,7,3,290fb97f66b43eb4ecb2be1ae9d02050075c7ce48490ad38fb4bbda1fd842741,development_qualification
N8F-041,n8n:14368,f993c298643c0ae5fd46cfb67177a545da8146f149eb50b9a3709826d6f9119a,N8N-LINEAGE-0058,governance,native_1_10,multi_branch_join,bidirectional,True,True,9,8,0,2363d9ef02bf8f8419f5a67fe228868997a468385d660f6d7295fb492883d429,formal_test
N8F-042,n8n:16227,3e1b175cf6042ad8719e993cb88ba011ccd8f53e8602aba1c1a83a6e79e8c31a,N8N-LINEAGE-0071,governance,native_11_20,branch_join,bidirectional,True,True,17,18,1,70ca8c516e6bb3ccde619606af855c798fab25e05d6b506d7cc03301a5d5eace,formal_test
N8F-043,n8n:10877,e1d990130784b06e5d995cba6681634b1820fe0f949826f024fc42563db0bfa6,N8N-LINEAGE-0005,general,native_11_20,single_branch,bidirectional,True,True,17,16,0,37c9ffb87dc52edaa6cb694aa6a42f2d5b4ed34ccbfdd72d2463f8d7faa025b4,formal_test
N8F-044,n8n:7996,2f48b687bd9e989a7f3063e672dba903b470643049f17b44eda7e6199b91a191,N8N-LINEAGE-0138,general,native_11_20,branch_join,bidirectional,True,True,11,11,0,da4b467856b0718bff1440b64ce9c0bd3298e0e8391f276d5c01be61d9d3d2f6,formal_test
N8F-045,n8n:14019,37e53e664b07ee7a3ee2cc19631957a2695347a335f4b8f09efd6347b559a733,N8N-LINEAGE-0043,medical,native_21_40,sequence_or_parallel_sequences,bidirectional,True,True,22,19,0,3a201d485022001f72a6e6da2e69fabb795bde325eee20dbfcd6b646433846a3,development_qualification
N8F-046,n8n:18311,0236c6a3228ac985482e7edd32a8a39e15588e4ed822fd64ac21418c100a9282,N8N-LINEAGE-0095,general,native_21_40,iteration_or_cycle,bidirectional,True,True,25,25,0,24f7a2f31482da327d5a0675a9620f3e1e4c1851355eef433237aee98fb5d3fe,formal_test
N8F-047,n8n:18302,2d2411d50eee2e43d4979faafadd7641478df52e44cc3eaaed32da8dd50bb85a,N8N-LINEAGE-0093,customer_service,native_21_40,multi_branch,bidirectional,True,True,31,30,2,e52821d6ef7c9f777a3cc2d3d59172bb2fa30916f79e9332937658ee5f5a8ea1,formal_test
N8F-048,n8n:10492,ab21d9c0a6784e152a43cf60d7e9c78f06bf701a3845e69e1604b63aabf72d88,N8N-LINEAGE-0003,governance,native_11_20,multi_branch_join,bidirectional,True,True,18,19,1,979f4fc6cb0ed87f42162111736c4747911e6467e12fd564302a837fb4a50f06,formal_test
N8F-049,n8n:14357,5dd03b176ba5a6feb689a8476748af71195567dba3dae334225f5a6b80de68f4,N8N-LINEAGE-0056,general,native_1_10,branch_join,bidirectional,True,True,8,8,1,4ccd8f5d02570388a81d1e4791c5eb3759fc4b68c3ed66aa8508375f09e5c74d,formal_test
N8F-050,n8n:9739,d55fe391eb4e589df408dd4e4152e001cc7b904404ca2f2715f862f3dd6f2f39,N8N-LINEAGE-0151,customer_service,native_11_20,multi_branch_join,bidirectional,True,True,16,16,0,4956eb4fe683081f500b56ae29951edcb96ba8bf9d03f17a7dd1c5d0c804f2b4,formal_test
N8F-051,n8n:18323,9c339a30d729e5a92c528cfa2422a3e4cc62e5072136d0317fa784a5a028242c,N8N-LINEAGE-0096,customer_service,native_11_20,multi_branch_join,bidirectional,True,True,20,21,0,ed57b38d4e63ce6edf9b06f3a88b93e0135cc486f920566f4197b2fff5908258,formal_test
N8F-052,n8n:9885,1be83596367c9d636155046ea6bcaea961d2d374fd4737ec23cdaeb031241688,N8N-LINEAGE-0156,general,native_11_20,iteration_or_cycle,bidirectional,True,True,11,11,2,4fa036ae4c8b6d0335c8e3fadd9130489159cc9d9e4336e6ba0af7a76cd774af,formal_test
N8F-053,n8n:11121,dbbed44b585298afb08c775098f6b10ea6c8571283e0c3f52dcdeb5388fc78fb,N8N-LINEAGE-0008,general,native_11_20,iteration_or_cycle,bidirectional,True,True,17,18,2,5b168f54febaf6bb7458152bdd0b6ed7d7a86fc4e683009e4a2e7ba21d3ad69f,formal_test
N8F-054,n8n:8039,143690e4b9cc9d12e42e9f2c0179ca0c7f2ccaba8e7c545744ba9fbd00910dea,N8N-LINEAGE-0140,general,native_1_10,branch_join,bidirectional,False,True,9,9,0,49660e8eb2926b788de6369d213136397bb07777176b29e8dfd1c87ba7ab1352,development_qualification
N8F-055,n8n:9344,ac9c806ac0c0f4c47534bdd364a9812d01b713df0ddeb650ef53f7116aff6250,N8N-LINEAGE-0147,general,native_1_10,iteration_or_cycle,bidirectional,True,True,10,10,3,bdf8109a339f048901f6603230239de2a5116f77209d3a5f5844e21464e8ae44,formal_test
N8F-056,n8n:6765,8b8b9efe6139ae9320edf3c7a1767fdb95011020e043e63b64450972cfcfc6d3,N8N-LINEAGE-0128,general,native_21_40,iteration_or_cycle,bidirectional,True,True,25,25,2,3ac942fe64fa7c33357ab7ea41439ae8178e6f2497cf101396403169b859ebb7,development_qualification
N8F-057,n8n:18212,1afda37d8647dadad05ba9318a5afe361de5d45f5e1c5b2f0056c8c151415ee8,N8N-LINEAGE-0077,general,native_11_20,single_branch,bidirectional,True,True,11,10,2,9e39808ae7038967f9c9e3825dab24ab7f227f24eadb0ffaf2aca2f5c40bb3b3,formal_test
N8F-058,n8n:5962,28298202d7bf7dbcc75786e0d7b66693eae06859c04f37adcc9abb3476a3532b,N8N-LINEAGE-0119,customer_service,native_1_10,sequence_or_parallel_sequences,bidirectional,False,True,5,4,4,6cadc7231bcdb08ac2188070d2e9f30745aef53f7b768322f13f504ac6ed35dd,formal_test
N8F-059,n8n:16513,fc8c81f9b1bd950eb060414e51220fc54d1a85c7df3f78591470d3f7775268c5,N8N-LINEAGE-0075,general,native_1_10,sequence_or_parallel_sequences,bidirectional,False,True,5,4,2,b7d92d61b9f01fd059068e199efb75f8feff3b86559a2cfa63d794a2274fafa8,formal_test
N8F-060,n8n:12119,7250252f6d0bd6a34157a0889929602dd71fea80403096f9e4da0ab05e0a813f,N8N-LINEAGE-0020,customer_service,native_21_40,iteration_or_cycle,bidirectional,True,True,34,36,2,fdd7e19785cc8344ddc914dd2fcb4ba9c922651b27199254db761917d1aca607,formal_test
N8F-061,n8n:6772,11c85ef184024524ce1ca2fc92743b6b9013cd4005524242758fda6d379dcaea,N8N-LINEAGE-0130,governance,native_11_20,sequence_or_parallel_sequences,bidirectional,True,True,11,10,1,f585622a5997b539bbdf227a5ec3642dd27d32df96ef0d774e3e3c23ab047e2b,formal_test
N8F-062,n8n:16459,c5a83363604793df87fdeedcd054157e28de81f5862aa84cfa3b6794a8a89414,N8N-LINEAGE-0074,finance,native_11_20,multi_branch_join,bidirectional,True,True,16,18,1,d84cb171fbc7b41193178c534f0b6f810ac735afd0b4252578facc12af3a3d97,formal_test
N8F-063,n8n:2937,7a6e3fa5aec9f6b4529e9fa4c72588f81320332c66cf2bb15f1accb8454d3026,N8N-LINEAGE-0104,general,native_11_20,branch_join,bidirectional,True,True,13,12,2,2228d29a984540c895927123effc3e3c200f9a47e42fea46930d7e569055fa21,development_qualification
N8F-064,n8n:14805,3b52e13b76fcaad66736fb9ca4a01cfd802250aee8c218069e8b55a1c633b08f,N8N-LINEAGE-0060,governance,native_11_20,iteration_or_cycle,bidirectional,True,True,16,17,1,dbf8cbf4f49420b715320234649c0b529f5efcbde15ee490757dd65f290cf254,development_qualification
N8F-065,n8n:13543,cd4c7a1de9d915b27f4993dd6da2734cfdca9ee2420c1310ef86df910953485a,N8N-LINEAGE-0039,customer_service,native_11_20,branch_join,bidirectional,True,True,14,14,0,efc2ae969276737075e2a8ea81403a1a78b85eae4dfa3f07dd3a82195586a6f7,development_qualification
N8F-066,n8n:14331,fe2d8aa9ede7e0d6b1f8fd2abfcff08590d80c9f5504f62a3cac7648ca717949,N8N-LINEAGE-0052,general,native_11_20,multi_branch,bidirectional,True,True,11,10,0,9700975ffd6055cbc932eae0bc015bbeb9640ffa5b392ee39ba7a6a63ab963a4,formal_test
N8F-067,n8n:11969,edf8c7e4f565b33a1ba2198276ad2d90b5f2d487165e760f64aa0091767150cd,N8N-LINEAGE-0016,general,native_11_20,multi_branch_join,bidirectional,True,True,17,19,1,4c2d929f22e617cccf94800be9fe9fc3885ba014c22e00b8f0d0ebd6230840e6,formal_test
N8F-068,n8n:3302,073467a3d3b2c2723f58d18d30dde9a2fa7d2f3bfa736d004693056d8e0a6423,N8N-LINEAGE-0113,general,native_11_20,multi_branch,deterministic_to_semantic,True,True,17,16,3,adf87990f265948866cfe06cdb46d65753798883bb6a8dd24108cb0d03f28f81,development_qualification
N8F-069,n8n:13541,6e503cf9623ce3d46000fa26d724cd2c92c1784ef1c9dde2809645af0768623e,N8N-LINEAGE-0037,customer_service,native_11_20,multi_branch_join,bidirectional,True,True,14,15,0,cb3fb2565acca31191debd4a5eb05e21849ea9c19c666c8c3da1a17f3872cdf1,formal_test
N8F-070,n8n:14332,56cea4db8406baa333bdb99ab1be7bfdf0a60e776495cf0b849532efca58e2b5,N8N-LINEAGE-0053,customer_service,native_1_10,single_branch,bidirectional,False,True,8,7,0,35d8aee243d2daa5f7903b434182f62c135eed4481223b8e11be7613d6267a8b,formal_test
N8F-071,n8n:18216,bbfda3c3953ba659cef78387c720db0b2290bcbe8e89ad8c23a77097599dbdf1,N8N-LINEAGE-0078,customer_service,native_11_20,multi_branch_join,bidirectional,True,True,17,19,2,67a22a2c2569dff8d73964f2b8f76d810762bc542a04850c705588f70a14ccd2,development_qualification
N8F-072,n8n:7926,63bb1439e177b67ee8af5ab41213fd871c29e46d3501621ab4caa32b334bec6b,N8N-LINEAGE-0137,governance,native_1_10,multi_branch_join,bidirectional,True,True,9,9,2,f415c02058cb4cfcbc2caf2c2daf32c93fe47ba9a25927b50d31c2eb2edfc636,development_qualification
N8F-073,n8n:16037,30f9412dc52e8a871c7ac56d03e45c5c3cfcdd97c6298822489ee58e57fad55e,N8N-LINEAGE-0061,general,native_1_10,sequence_or_parallel_sequences,bidirectional,False,True,7,6,0,a683e5e67c6adf6af3678717cb1c94cfdb91183935cd42c8ede8e8a9ec9351db,formal_test
N8F-074,n8n:13542,01ed033aa21c22bad170b58bfb2000b3e7654853e91ace5c3515bfc9db506360,N8N-LINEAGE-0038,customer_service,native_11_20,iteration_or_cycle,bidirectional,True,True,15,13,8,9eefc9c3e6a2bc171b3c5ee0ec763ca160feab7bd1a566260b7e12671613e404,formal_test
N8F-075,n8n:11631,aabe2088df75247ab608b0c1c0a721c64e75d46a556f8ceeda5c9016e521ad71,N8N-LINEAGE-0013,general,native_11_20,iteration_or_cycle,bidirectional,True,True,13,13,1,044c35a6501445e6b8f1135e7ced3f035a6b40a07ab82bd45a9db7d103796a97,development_qualification
N8F-076,n8n:9867,aa3c67776af0f5f7f9fe6065b0c2960249bbe6bd3f9783a164900f1c1d0c3217,N8N-LINEAGE-0155,customer_service,native_11_20,iteration_or_cycle,bidirectional,True,True,18,19,1,b0075c2d0a6d2611a99df763c535a76aabe8cc296eba10ee2bf3929806755189,formal_test
N8F-077,n8n:14254,372266a05032fb8feb73029f410a4eb3f3d9c937e3a01f8cbe841a27bb7a5be5,N8N-LINEAGE-0048,general,native_1_10,single_branch,bidirectional,True,True,9,7,3,7890da3a90dd5b4f0d791afcbfa88c3752f3b7b3fb71714e986a4814cadaf86d,development_qualification
N8F-078,n8n:18340,6ce5f3c351e1a705137bef46ef614860e1b2f1424fbd0f721851d9f10f9bb7a0,N8N-LINEAGE-0100,customer_service,native_11_20,branch_join,bidirectional,True,True,19,18,1,516fd4125103a24ee57abc183b0846cb9808d010d21932506a758d92d533157a,formal_test
N8F-079,n8n:18285,bd674b8df643045d24d29ce3c0d50f33116a4198378f9bc4b99d6795f69f6e90,N8N-LINEAGE-0091,general,native_11_20,single_branch,bidirectional,True,True,20,18,1,cd0ef16acce8695b3ff74e922e5b70a4dca4654e7de8644113918afe00c41d21,formal_test
N8F-080,n8n:10821,f6cae2478f549f2983a8f88c02ec14513d6d943ff1062c220c9c91e027734470,N8N-LINEAGE-0004,governance,native_11_20,single_branch,bidirectional,True,True,12,10,3,77f818bf1ec8145636ff44019ff0ac818389f898256042df22b1aa44ede782a0,development_qualification
N8F-081,n8n:9540,99692f390537469c5d48017f7fb875faf13fbe6eed66a6792b301227ff5799d6,N8N-LINEAGE-0150,general,native_11_20,iteration_or_cycle,bidirectional,True,True,18,16,1,4fddb4581808febff0971090a6bef2f70242cf60156e52874bd2cf7ffc735fca,formal_test
N8F-082,n8n:18253,7b71d493d5eea9ffe486e3eef33c3054f6b2d8910d499ca12d8d230145fb4fb4,N8N-LINEAGE-0085,governance,native_41_plus,multi_branch_join,bidirectional,True,True,43,37,0,84cb33472a458eb5f92eae22c72baa38e82a12f52ec387e92a7167affe1ad239,formal_test
N8F-083,n8n:16039,4ffad93b240b58383697de64473a9190de5279935bb424c8b12607a0fe3cdaad,N8N-LINEAGE-0062,customer_service,native_11_20,single_branch,bidirectional,True,True,11,8,8,cd6ad0b61888c9ca2666081316453d3658df8f9ac593b55537fe14bb17539cc0,formal_test
N8F-084,n8n:14308,0743cb45938764956c746b07454f9dc1f695a98d514f8cfa3d13cada44d2fdd2,N8N-LINEAGE-0050,general,native_11_20,single_branch,bidirectional,True,True,11,10,1,2825c5780117d5ee02bffc09933168ffa85d238586378992f3bca7f1b5c3381a,formal_test
N8F-085,n8n:3003,c54c3be37c4e283fc4ffbdf5f694ffb12a04ddd54d92646790ef4b452242a2ab,N8N-LINEAGE-0109,general,native_21_40,multi_branch_join,deterministic_to_semantic,True,True,27,26,2,cd1dd53f5dafe1f88e2009c33345a1240d2dc1a5f522836c1a640726d2e127e2,formal_test
N8F-086,n8n:14367,2e3cfc20d6a23d313445a242554bd4cf045283c0ad0b9c7de9f0c0a0110a7cb5,N8N-LINEAGE-0057,customer_service,native_1_10,single_branch,bidirectional,True,True,10,9,1,65f546f7c4438931f3844181fca98ae8c8885971924154569a0c9e4150e776e4,formal_test
N8F-087,n8n:11135,b3f9862b55333c06774364ffe22fea8c5408f1ec2087c27201d96ee75697d35b,N8N-LINEAGE-0009,general,native_21_40,sequence_or_parallel_sequences,bidirectional,True,True,21,20,0,75225bf9174935e25b2784c55430a653af8ea548a72e03cab84a3198ad49eecb,formal_test
N8F-088,n8n:16122,f4c55f99f7aa9e0f459c8f2a1d433478789c00a5bb4f55d0be270b3398b24aa0,N8N-LINEAGE-0067,general,native_1_10,branch_join,bidirectional,True,True,8,8,0,9bbd5b9b1f3d0afbc9c008aca4c7b2ec962b42d36b65323d40d896650c0092e8,formal_test
N8F-089,n8n:12135,7c749a4123e61abbac4519e81f824dfa06ef05846df40d0386d3d0538f993a1a,N8N-LINEAGE-0021,general,native_21_40,multi_branch_join,bidirectional,True,True,29,34,0,a86a4b6953eaf3853ada863c21c7e4611e536ca25381d88dcd11cf127a25ed14,formal_test
N8F-090,n8n:9943,a80152140a094b32298a69a56cf55872f174268ea9079ad75b56d65a0339a6bb,N8N-LINEAGE-0160,customer_service,native_1_10,multi_branch_join,bidirectional,True,True,8,8,0,dc325ca7610f117abb47a02042635345eef3fb8721bfb6ad88e8d7cf1027b5de,formal_test
N8F-091,n8n:12189,e84ecc0cfd7c4562259075248fb0910302c4a80f053c5a0527b0d7a5cdea435a,N8N-LINEAGE-0025,general,native_11_20,iteration_or_cycle,bidirectional,True,True,13,13,4,bfc5a0174f2f47a03aab3322797672e7237acc7f2fac5a1468eef5caa756abe4,formal_test
N8F-092,n8n:3693,0cbfd441d6add0b66eea9b010dee46eabf46bd04932c7701871ec3d9875de082,N8N-LINEAGE-0116,medical,native_1_10,multi_branch_join,bidirectional,False,True,10,9,8,a7a176255dbd9ff31fbf008c4f31a4236368c966592b34fd44f8ea63c426cf4e,formal_test
N8F-093,n8n:16435,6dc61a2a74d104979f8be72f1a4ba3ef80fda18a2d45667afa4fac92627d6e0a,N8N-LINEAGE-0073,general,native_11_20,multi_branch_join,bidirectional,True,True,15,17,1,731c09cfb7871925b1187b84f09c1bfd427085b56351894ead46d50e5e3314f6,development_qualification
N8F-094,n8n:9789,56ffee586a99f37a39a42b0edd5ccaeec185ca17be91843eae0451a0068e2bbc,N8N-LINEAGE-0152,governance,native_1_10,branch_join,semantic_to_deterministic,True,True,8,8,2,ceb7b933bbf5013a05008a2c2ef7f5c31083a5b0113cd16b68a187163e716c54,formal_test
N8F-095,n8n:16159,fbb1caf1868c2f6e5f3cfbedaf95ef756adc2eed9aabd24c7b514b21d476fc8b,N8N-LINEAGE-0068,general,native_11_20,iteration_or_cycle,bidirectional,True,True,13,15,3,fa6134b3ff29eede29187b914a84d956494ca03cff7ae614f0a7803a96446175,formal_test
N8F-096,n8n:11401,570065f3bac86c114e9e30b52e2ee2d2b623b4b7779b717be933d5d752012c73,N8N-LINEAGE-0012,governance,native_11_20,iteration_or_cycle,bidirectional,True,True,13,13,0,c3cf5840c8f7960c99c2559c43f2636eaf7adeb65d1e1d45e645a053c43807e6,formal_test
N8F-097,n8n:9924,068f19b13df9677ebd4d037bafbce9651157cdc281944b87a6cef92689ab5dcc,N8N-LINEAGE-0159,general,native_1_10,branch_join,semantic_to_deterministic,True,True,9,9,3,09b114592de6f6b1dc54665f21ce0d29acbf6d659b39ff3140207f1d9e073eff,formal_test
N8F-098,n8n:11098,8537c06965164285312d7c84f2095461caf60a2b95edd293b522833b0db372a9,N8N-LINEAGE-0007,general,native_11_20,multi_branch,bidirectional,False,True,20,19,0,62aad480b7dcb753296ee07f9d5fdb33ab4f3558d62bc708275c4c7929514c6e,formal_test
N8F-099,n8n:11052,8a5fece452f33586bb71398a696fb71baaa2245b85f9c4e9cdb354756e06aaf4,N8N-LINEAGE-0006,customer_service,native_11_20,single_branch,bidirectional,False,False,12,11,4,34969c87042ec9fe218374afbef1fae036a50a783b37c51e28d2748ed25ae54a,development_qualification
N8F-100,n8n:12034,a0b544c181243d118b7506bd20327939976635e4bf042478be87e71a11f3f1f4,N8N-LINEAGE-0017,governance,native_11_20,multi_branch_join,bidirectional,False,False,12,12,2,87f0a5e946678e7938e4451f78e1089082865c983dffd2e3d42936b95f799fe9,formal_test
N8F-101,n8n:18050,9623b21be7dba6e9daedffa879365aec9eb3a4b5ad9441a8e3ca5e8f52440831,N8N-LINEAGE-0076,governance,native_11_20,multi_branch,semantic_to_deterministic,True,True,16,14,3,5a67c53da6298958cb9f283ff6ab8efb72121a8b2560a4835f6bc19e8b10a5c1,development_qualification
N8F-102,n8n:6737,ba995869aa4e3411ad6ca40c31e166fd65f47bef6c70a1eb3b8781f6a04da16d,N8N-LINEAGE-0125,general,native_21_40,iteration_or_cycle,deterministic_to_semantic,True,True,34,34,3,b65f08b8d383ead29fe1930b7658208e56a8c5385c8feaa216bf7bacd6f16766,formal_test
N8F-103,n8n:2865,3ab1eaae33227282a613b5f323b0c253c350c7a8792eb7f609df2052825cbf9d,N8N-LINEAGE-0103,general,native_1_10,single_branch,deterministic_to_semantic,False,True,8,6,3,cc1e695af4b66c1a73a2c139e5da181f3986679c107db1a4420c5aa50f3e9e9b,formal_test
N8F-104,n8n:2816,97b6f503c525f4cf0e89f6ffbe2bbae274daac47825f05bb4e1459957fa7b191,N8N-LINEAGE-0102,general,native_11_20,iteration_or_cycle,semantic_to_deterministic,True,True,18,18,4,b10cbe9f5c9e07d38d66b0d30ef524a4f82b52c6d329c87b956e860ae8e2e9e6,development_qualification
N8F-105,n8n:9823,5227add22d5de15f8d50f5cd9ef37b4991b600389f701f326bf6030bb4bb0572,N8N-LINEAGE-0153,general,native_11_20,multi_branch_join,semantic_to_deterministic,True,True,12,12,0,cc1568b94f2a03963283bff7fac129b1b831380f6c5bbbe13a5c714a3ef4afea,formal_test
N8F-106,n8n:5338,5a0ee73fb26ecd8b48a00fd65954a7d47c209ff786f3a12e65c4a1e076880d76,N8N-LINEAGE-0118,customer_service,native_21_40,branch_join,semantic_to_deterministic,True,True,28,35,6,17e07482fe3e9e3a56e1fc702b22f3b2da1e111bc9a7b8b0c053231556eeaefa,formal_test
N8F-107,n8n:14167,d7c64a90c4d3e1f2c4c4e9592896f7fe1eb06db65e1f1d177a46bfd3d2daacb8,N8N-LINEAGE-0046,customer_service,native_1_10,single_branch,deterministic_to_semantic,False,True,10,4,9,140a964cf62073f331a34c55c77f43f960ee3f146cfdb1f61fbd02fc98037fc3,development_qualification
N8F-108,n8n:4966,66cae9fd46516117222ab12c4d34d852756dd1a8829d978a891c312f02bdc7e5,N8N-LINEAGE-0117,customer_service,native_11_20,single_branch,semantic_to_deterministic,True,True,11,10,2,52346e18fb2fe308d9a3f58cbbed18996d5e29152ebe3cd2efa53f34c90f8b22,formal_test
N8F-109,n8n:6753,0d8599309455c370a559408056724314ecbc3300dcd3b174fd2503d6762d8f02,N8N-LINEAGE-0127,general,native_11_20,multi_branch_join,deterministic_to_semantic,True,True,13,14,2,a1f853f4b619a03041ae38ce5d5b33ef74150af3c5cf9be6c5d7a906d8b6452e,formal_test
