formal_index,record_id,source_id,dataset_role,version_origin,requirement_sha256,record_sha256
1,N8C-001,n8n:18235,train_dev_only,accepted_pilot_requirement,ae6a943021b8ea90a27f3bca8a8a5a8638de1fb12217ecb04b878c0469bdf64c,edad59bc3b00fcbbbe51d1ead329e3da3c84777a67ef155671a37331c7444a2d
2,N8C-002,n8n:13685,train_dev_only,accepted_pilot_requirement,1a632d6022839d1a60138e798410a18df31d4964b3a4c522dd371935aa25b9a6,57259397bae9fb44be30ce42099de9b2d34e3dc78f1033fbec095debef5fc900
3,N8C-003,n8n:16049,train_dev_only,accepted_pilot_requirement,276f4b7d2d4afd27954d22ccd62de95d9760e34508c5bb193dc6469262672012,99296032ad759dfb2cc97a43f32d22cc071e03e339771d520a28139299bba49a
4,N8C-004,n8n:14502,train_dev_only,accepted_pilot_requirement,973c474d1bc07098a9321fe09119d613263cb5b71311c9ce335262fdc449bd04,a3d3ca30fe47a297981b5bfb67825bedc686607be32c9035a8355655cf24f3f0
5,N8C-006,n8n:6713,train_dev_only,accepted_pilot_requirement,1b7d36a355f2add7005add2bb7b20f81584596b28d7b97e2927ac2ffe141122e,9a41c60b6c6ca2ef564aaa6043566bc5fe1b5fc5a9ecbeb2be7d6b288a151d49
6,N8C-007,n8n:2972,train_dev_only,accepted_pilot_requirement,b519d0c7bc38f4a9731185e263e002f17ae33c5df6f1ef6a9575807faa02d92b,b5dbd80e852f4f3e83c7bc1b57ef5a307961cda58914ec73bc15b668b1214c5e
7,N8C-008,n8n:9248,train_dev_only,accepted_pilot_requirement,0f0d3098f9687151f8d615575e119638ad319d458a0a7cd18b1e88afc1f61f80,e5dd60410f679621d6c28c64a7534d8f0982e518323720d811cd7d118ddf72dd
8,N8C-009,n8n:18268,train_dev_only,accepted_pilot_requirement,ad23729667221cf032ce1bf020aa57a64e8a7d764167ef2975d2c8309974156d,5fb3b322ca82fa67d9335b51fbc82dde680576343043e7c7560e11c59dd5ed59
9,N8C-010,n8n:18257,train_dev_only,accepted_pilot_requirement,1d75b04bb616b212279fd6a830f528a004c3db597b65d331533d44aa8796f34d,bbee46732b48624f02e43c7b375cb17567ee068b1884aa1ea81f97aa887c54e6
10,N8C-011,n8n:13676,train_dev_only,accepted_pilot_requirement,4691a5fb0de00ffdf2ab47f4bd246fd1e97fd04789407708f552bd24bfd60f6c,1832d42e0ebf25fab89ae35300dc798c7514b6670d26d0d94f5b52230d9d02f4
11,N8C-012,n8n:18304,train_dev_only,accepted_pilot_requirement,381eb652a2c31696156e915e47f7aa9e2a1a235b77708b24b9b9053645539f61,1b13f912e7f2152412ad9e36806d8f3c2ce3555615300fcc755addb937bc8e57
12,N8F-001,n8n:18301,formal_evaluation_pool,accepted_unchanged,bf0e6cb9d26bc81f49ac01847429d56fe627af4d2ab5a1c89d5f5bfb453d95a3,41b186eba12b7bcdf248f389705d257cf34d10ab3d8cfaa793e7b6dec22740d3
13,N8F-002,n8n:12195,formal_evaluation_pool,accepted_unchanged,e17fac7db51704c8bd8e7a3933e941196fcc1e06167e5e95d1844616ab81ae48,37f43ae10ff162d88363ae439b163d087257c92dcc58feceb0859e55d5e40602
14,N8F-003,n8n:2778,formal_evaluation_pool,accepted_unchanged,af6ddb89e8a9cd4d63d8cb449a919dd4902c7215f96690be16a9347c5323b08f,3146f47b917101ae187e6aa02271c13199ce3cde96888a96477d154eb602cc5b
15,N8F-004,n8n:18255,formal_evaluation_pool,accepted_unchanged,0c351e88b1c19ca602965f32463f7ed77858616e6c61df8116c632c5e7affe18,a829feda82c1b85153bcae13c79d5a7338c44cc438371a312bfe03e0793f0229
16,N8F-005,n8n:13367,formal_evaluation_pool,accepted_unchanged,4c4474220641eb053aa44e37e2e028a8fc69af414e843f2f51660cbcdeedba59,0c82b1aea246de23aa94a6233bb721f23e1d34377a6e83fe8f80aba8f2f0e960
17,N8F-006,n8n:12142,formal_evaluation_pool,revised_and_confirmed,ac45d955b0d7dcb3e4587f9932067b71b124ed23cf22d1cf00d6926a200ec942,86db40f4ab820b165e8cab73cd739b060b04c13217a4e5f3870f3c03413519c3
18,N8F-007,n8n:18265,formal_evaluation_pool,accepted_unchanged,2342bd3405f63d6a15eaaafbcd0b03931b09cb117aa583147693614e307e8b9b,5d453b24abfe066c75f71ad35f12b46327101f768562e7cb28ee460fd5859f67
19,N8F-008,n8n:14338,formal_evaluation_pool,revised_and_confirmed,0d8092e139b1fcb82853a17bb96fae354b6e8640d231b9b4bf84f52b9ed049cf,12b9790d867b08b851916d682da370787e10f0cb7622699052d3b00874d4aed9
20,N8F-009,n8n:18326,formal_evaluation_pool,accepted_unchanged,3c68c0e7d47b9f027dd25c6f3df2d1a32ea99de2fe778f41e0e3bb29558c0f76,6f09566bc768e9e4ccbcbb8f6f1f4cc79d552ce34c35c57120dded61365948a1
21,N8F-010,n8n:18250,formal_evaluation_pool,accepted_unchanged,d3a97c11ea945405376f92ae26526a701292b12470d1f50a7485678b5f7765c3,0fd6eb785e3130b5985a47218c150957e8b92cc104b4241df6ed088dc2e6be1f
22,N8F-011,n8n:3408,formal_evaluation_pool,accepted_unchanged,4db09e5b16b441dbcdb8b105b8f903ba8d9793aba214e8169045d7b69aadb6c4,8c54d7c16852f3c489a916f9e7f0a8b0f3572e424b2fdc867f40fc6c3581df3c
23,N8F-012,n8n:18252,formal_evaluation_pool,accepted_unchanged,5ca8bb5867261260ff9d8e866fe4b8d930f085201e2fec5ff11340354fb683f1,601eadc8b61c1943e5c9fdef1156217b77282f5080be1f7a44de60441b41ad03
24,N8F-013,n8n:16235,formal_evaluation_pool,accepted_unchanged,d03143cde3f221518292eccff8138749c1dca4c12491874d4e7267246a72a273,05cfca8f2e0c5ced49dfec021b8ca9d05a1fd7b417ce589644a937f719cc45c4
25,N8F-014,n8n:7756,formal_evaluation_pool,accepted_unchanged,913ca08f54c52f5e3248f9ef8bcbe0f6f4136e2a1d30a8116484a38558566c8d,dc9b66d2d0b4629bf316b8cce0d1502c960dd4e2bb2d17cb55894fa68b9d45a6
26,N8F-015,n8n:6777,formal_evaluation_pool,accepted_unchanged,9aea94aaa6e9f94e3d765e32edbe853dbc5db5539ccdc3412305c844c447ef90,32b4006c4a5019bb05cd3fed8fa9e606de7558a9d8256bb91298019e048a280a
27,N8F-016,n8n:6768,formal_evaluation_pool,accepted_unchanged,c6a751b24d681e139ef84b27a4f1b40564d70a59a5b824001ac9cc8afa9aa893,812baf770d3f1e713e4cddcb510d77ac3024434eacc23daec8499d83116746a1
28,N8F-017,n8n:6813,formal_evaluation_pool,accepted_unchanged,ec7ac7fd3aacef7cd59d9bdea976028d7c65575e52e726e2e74d09fe213c23c7,fa5befec4501dbdd2f3865b9891d5cbb55a246ef3d146dd888b8f9fb1a318255
29,N8F-018,n8n:9886,formal_evaluation_pool,revised_and_confirmed,55dde59b84d452dbb29c4831be7016f4283ea5931f5082d900a146a89a33bc07,fc8b0f396498f439a3d92a6614bcf030b8d035f8d92d31ba7020e5df35879bef
30,N8F-019,n8n:12179,formal_evaluation_pool,accepted_unchanged,b1b02f26e6317fa9c6381a35e9f01571c1ba89ce29a925d8aee2569df50f27ef,38297f7392edcea3638c04d2c489568b61ceb1781f04d7d40446a68ffc52cc29
31,N8F-020,n8n:18236,formal_evaluation_pool,accepted_unchanged,70c8914053352c45808e664db3347279263e40d8380563559787145176569f77,b92f5789c0b4fcebf5167736f0d9c6d47887e59043130ecc9c2aeebdaf1f3e0d
32,N8F-021,n8n:18227,formal_evaluation_pool,accepted_unchanged,e459c0e51c5d26da6982e0555552c8e415e03211db74b30ba721cedb5abbcdb1,b338fb871e55a569f12af9cefc1ed406c9b35debf1bed9b738ac0c671a1562f9
33,N8F-022,n8n:18325,formal_evaluation_pool,accepted_unchanged,822104ae68f8d74a4d8e96600ece7130cee04b32867181b6018b02049c4cf2cd,358946cb8ba84a329b55ea2440eb6600b24b77efcadfa91cb16d17c180a23e38
34,N8F-023,n8n:9200,formal_evaluation_pool,accepted_unchanged,808e718e48678b6f68703580e1d25498e2a6728aff033e47fa725b51b2a37c57,9119d092b0142a86265a980b1d5c98f85eac7f9ec7f6864d337672a6ca84a77e
35,N8F-024,n8n:18332,formal_evaluation_pool,accepted_unchanged,93f5004b713fdebfd1e5cc98b3633bc9c9a3904768d35db1dd3f75a5a7cea098,2c3acc314a5c94e677516b23053072e8c1d7dcb745e7cc0f6e41426357559fd1
36,N8F-025,n8n:11226,formal_evaluation_pool,accepted_unchanged,25ebbd3d28fcf821ee90f9f78effeadbd5a7a6816ee6a6027b8fd66a7fe2304e,b01cdb8f699556e8ce397435c18adda2df3f1ff935f458ace7e8c9b9d67d7638
37,N8F-026,n8n:18238,formal_evaluation_pool,accepted_unchanged,af2fdd0d50d54d7b8d86e1558f4c0f315b809051a807f2d7e4f33f082fb8add7,5b1f5ec8c550662114829c71c7a50dec2d262b47b1db2e98f27d3190e2b8b45c
38,N8F-027,n8n:14355,formal_evaluation_pool,accepted_after_full_description_reconsideration,85bfaf7aa4dc571771b0c085792051e4299f299d3860d9ce3d4b3ecef4fe7b77,4300d2e0fd34a60b56397fad2ad6b980ae30b86648aeeb8150a23380beb2a9d2
39,N8F-028,n8n:13518,formal_evaluation_pool,accepted_unchanged,205c715ae0d09f101e0f7417aaddf964ebd44400957f03880ecd0f44fc468ba7,29d354fed1b61cc1a83ae913d89a60f51c3cf1d222c1f785c62687531232bead
40,N8F-029,n8n:11807,formal_evaluation_pool,accepted_unchanged,5ae844aec8f80c6fc0e88f2eeb9abb61a87a8c1ae64efc0c89970cf39c1cc560,5644b78c0f02de480e1c7c27591303100b1001dad49c18bebdbd9a27d4961b99
41,N8F-030,n8n:14311,formal_evaluation_pool,accepted_after_full_description_reconsideration,6cd504c4a44fa1d7abc4f9ace89de206be8224f9ac043a71e66c918794ff47b5,6beb3c70ea855c8ba652e79fccca43bae0276cd2f6c8ec3a9d7de44dec8a0694
42,N8F-031,n8n:8031,formal_evaluation_pool,revised_and_confirmed,e6720e1c2f31b01deb4d4148325db73e9cbd1176cf8a2af925b1b7f0068aec53,0213054028e5b339c78059b35a38dbd9dad5617714119f6ee83bc402c7a1b1f7
43,N8F-032,n8n:12264,formal_evaluation_pool,accepted_unchanged,85191ba356727d2658b551e02a9fd529b874feb565977a2c9fef2b96e52713a3,94289583a0be9e465c794e7bf5c160c140c7b917a57c2cf9ca95b9994bfdd562
44,N8F-033,n8n:6729,formal_evaluation_pool,accepted_unchanged,1dde265c853a22b92937e6962b6835d918850d0c7dbe0a00cfcbf169fb2bbdfe,ece579710d75d08b833ac426c5879f38ded4b046f6ca2730543105e78e50dadb
45,N8F-034,n8n:3155,formal_evaluation_pool,accepted_unchanged,fff929bc124d0c0495a69c576e26196036258342ec64411b851abd3aa76200b9,6ca1c3b36822e06b90d53dda063e05603d013cd5bb59a19458fe734bd2e15dae
46,N8F-035,n8n:3407,formal_evaluation_pool,accepted_unchanged,3e626d1bed7c5b59603d5c5aa55f0d2481c1dfdf3e699586c8338507d110e8fa,26cf0ddf6691b3903be18233bf1586e6e559d348c813ce350551e64a0cfe5203
47,N8F-036,n8n:13962,formal_evaluation_pool,accepted_unchanged,d78112c8019072dbe0e17440d8a7a7c077e3619f6d595b461e64e8a36dfb683c,6651d1dd2b88ad8b25235cbedaf69a99f30dd761bc092e38397609d30c0c6b76
48,N8F-037,n8n:12268,formal_evaluation_pool,accepted_unchanged,6a162c99d379991ec2db1d3db3dbd6ee23a56afce8212d2c50d972dd5dc5e4d0,df56f317acdb0db1915b229ea83234d5386252fa54659bc9bd3edf8417e7710a
49,N8F-038,n8n:14057,formal_evaluation_pool,accepted_unchanged,4e606245eb5a44d718d6a5d0ef334214bc3c1a84013cafe1b58b33f28e2a3454,c88e7d60d878ca41ae570d57d7e009bc7b7ea72a1787eab07bfdb133e561e818
50,N8F-039,n8n:12273,formal_evaluation_pool,accepted_unchanged,fb7c63d0b82e1c3379fd95b7fb1e6719f3d3406d1415f4374fdb84c243c0d182,6a475ad163ad770e12cbc0cee3ba6c5338d6e00487b7d1ed39a76a758d0fd4b3
51,N8F-040,n8n:16223,formal_evaluation_pool,accepted_unchanged,290fb97f66b43eb4ecb2be1ae9d02050075c7ce48490ad38fb4bbda1fd842741,1f896e3ca5aeb91dcd1f220c888934ae9c08af91369a1226039556986d0be25f
52,N8F-041,n8n:14368,formal_evaluation_pool,accepted_unchanged,2363d9ef02bf8f8419f5a67fe228868997a468385d660f6d7295fb492883d429,565e8d17dbeac0700346723f3ea666bdd6a671a6284cd5a1e46a943e9b9be9ab
53,N8F-042,n8n:16227,formal_evaluation_pool,accepted_unchanged,70ca8c516e6bb3ccde619606af855c798fab25e05d6b506d7cc03301a5d5eace,6ccee7c27ddf457c70b5af74f213d5289d6d99a39c9f3bb2870b06b8d696d5b2
54,N8F-043,n8n:10877,formal_evaluation_pool,accepted_unchanged,37c9ffb87dc52edaa6cb694aa6a42f2d5b4ed34ccbfdd72d2463f8d7faa025b4,ec65d03219c9590b5ba090457b5b208f1fb60e8f2bcf4e26e12d1cfab659d520
55,N8F-044,n8n:7996,formal_evaluation_pool,accepted_unchanged,da4b467856b0718bff1440b64ce9c0bd3298e0e8391f276d5c01be61d9d3d2f6,5a4a53cc1ff838547c9ea1c6e7b7f11c0b0e692cb6f5fba9d064f0e76cfa95e7
56,N8F-045,n8n:14019,formal_evaluation_pool,accepted_unchanged,3a201d485022001f72a6e6da2e69fabb795bde325eee20dbfcd6b646433846a3,5efbd3d9405430bfdde5e9dc09330eb24ea7f0e07d9760d13571a700dc7eb3be
57,N8F-046,n8n:18311,formal_evaluation_pool,accepted_unchanged,24f7a2f31482da327d5a0675a9620f3e1e4c1851355eef433237aee98fb5d3fe,aa4c946f384dd0475b07ea00bf608d98b355a6368a4a04681e359fa442cb6d39
58,N8F-047,n8n:18302,formal_evaluation_pool,revised_and_confirmed,e52821d6ef7c9f777a3cc2d3d59172bb2fa30916f79e9332937658ee5f5a8ea1,ad6bd3a358061ab0bc70e2fb88066c37f7648cbcb2d7d5511af2dbfd910419be
59,N8F-048,n8n:10492,formal_evaluation_pool,accepted_unchanged,979f4fc6cb0ed87f42162111736c4747911e6467e12fd564302a837fb4a50f06,5f9b90eeb1fe5f27c2f73e5694efd06ca73fbb0cf5458c9115b33c2ead7728bc
60,N8F-049,n8n:14357,formal_evaluation_pool,accepted_unchanged,4ccd8f5d02570388a81d1e4791c5eb3759fc4b68c3ed66aa8508375f09e5c74d,8757cc9c5134f0ae37e6523ffd872828c57c43825f54bdb823d2d8f0a085873f
61,N8F-050,n8n:9739,formal_evaluation_pool,accepted_unchanged,4956eb4fe683081f500b56ae29951edcb96ba8bf9d03f17a7dd1c5d0c804f2b4,256b7bde264e4e16ba1fa7121d251d3dddff8e60d2b430079f70e949b57ca675
62,N8F-051,n8n:18323,formal_evaluation_pool,accepted_unchanged,ed57b38d4e63ce6edf9b06f3a88b93e0135cc486f920566f4197b2fff5908258,2c6d8c4af12cb8d9ec482a3db108e9338d43d0224c57147ab856ad697e99c7c3
63,N8F-052,n8n:9885,formal_evaluation_pool,accepted_unchanged,4fa036ae4c8b6d0335c8e3fadd9130489159cc9d9e4336e6ba0af7a76cd774af,5d6eb0febea91be5a57b79e44f54f7d72f3af25b758448c68e2523c65c6277f4
64,N8F-053,n8n:11121,formal_evaluation_pool,accepted_unchanged,5b168f54febaf6bb7458152bdd0b6ed7d7a86fc4e683009e4a2e7ba21d3ad69f,7c0ca35dc90e0e70acc75b94c080a895a7477b183db30aca2ed2f9adf057d0ea
65,N8F-054,n8n:8039,formal_evaluation_pool,accepted_unchanged,49660e8eb2926b788de6369d213136397bb07777176b29e8dfd1c87ba7ab1352,86bb772a25ffac19dcb3b49407bc3718ab3ab620c4f2e725bc4d5d794306530f
66,N8F-055,n8n:9344,formal_evaluation_pool,accepted_unchanged,bdf8109a339f048901f6603230239de2a5116f77209d3a5f5844e21464e8ae44,dbc329248a2042cc485320ee937a88488e3265c4016c69028f418538289f73a8
67,N8F-056,n8n:6765,formal_evaluation_pool,accepted_unchanged,3ac942fe64fa7c33357ab7ea41439ae8178e6f2497cf101396403169b859ebb7,d90a0ee7bd1eb6ec37798a249f9255fdda21d9be12e6b750d7e75f95548aaa30
68,N8F-057,n8n:18212,formal_evaluation_pool,accepted_unchanged,9e39808ae7038967f9c9e3825dab24ab7f227f24eadb0ffaf2aca2f5c40bb3b3,6fabeb966e1a4f2a51b6f8189aea60acb90b4008bb70ec5522c0ce03f07f0670
69,N8F-058,n8n:5962,formal_evaluation_pool,accepted_unchanged,6cadc7231bcdb08ac2188070d2e9f30745aef53f7b768322f13f504ac6ed35dd,22636c32e318eefa3f6238534e82e688f1e4029961eccb2f71b7a7fda9e9328a
70,N8F-059,n8n:16513,formal_evaluation_pool,accepted_unchanged,b7d92d61b9f01fd059068e199efb75f8feff3b86559a2cfa63d794a2274fafa8,97d68bd8ca07cc1ed38c27e1a9f28cb8bf45f84e24910ba654e63fcd89725a03
71,N8F-060,n8n:12119,formal_evaluation_pool,revised_and_confirmed,fdd7e19785cc8344ddc914dd2fcb4ba9c922651b27199254db761917d1aca607,c03feaa905723587306dd67282fa80ee6d0f5ae5d967b90137c5e95135c359a8
72,N8F-061,n8n:6772,formal_evaluation_pool,accepted_unchanged,f585622a5997b539bbdf227a5ec3642dd27d32df96ef0d774e3e3c23ab047e2b,2b99c2b967b1aab88a37720a141d823ad82fbab2a7117e3397170655d1e95d85
73,N8F-062,n8n:16459,formal_evaluation_pool,accepted_unchanged,d84cb171fbc7b41193178c534f0b6f810ac735afd0b4252578facc12af3a3d97,0e470106635f1017325daaecc65d0d14e23791a913392a2fd03a8c221f84c71b
74,N8F-063,n8n:2937,formal_evaluation_pool,accepted_unchanged,2228d29a984540c895927123effc3e3c200f9a47e42fea46930d7e569055fa21,1bf240edcd7b9b0b0ba9e0cb58d4e123b87777215dc6c40013e40c7542c45172
75,N8F-064,n8n:14805,formal_evaluation_pool,accepted_unchanged,dbf8cbf4f49420b715320234649c0b529f5efcbde15ee490757dd65f290cf254,4025d68b8cc6e7cc55d06dc2958c731cdc0d471f07aeb2639d5a3c4db8d9b5d9
76,N8F-065,n8n:13543,formal_evaluation_pool,accepted_unchanged,efc2ae969276737075e2a8ea81403a1a78b85eae4dfa3f07dd3a82195586a6f7,47a0b12f8132cceb98a5f8c8bb94b9bc16240269618a9a124ab73d00f7b88a7f
77,N8F-066,n8n:14331,formal_evaluation_pool,accepted_unchanged,9700975ffd6055cbc932eae0bc015bbeb9640ffa5b392ee39ba7a6a63ab963a4,e75039daf27939f15668f8f8493868c538ee6147fd0fd70870571ebc7146ab56
78,N8F-067,n8n:11969,formal_evaluation_pool,accepted_unchanged,4c2d929f22e617cccf94800be9fe9fc3885ba014c22e00b8f0d0ebd6230840e6,c1dcfb282eb85f0ed6b3401d430af48edb61fbbe4965f23f210a1f02c0f44812
79,N8F-068,n8n:3302,formal_evaluation_pool,accepted_unchanged,adf87990f265948866cfe06cdb46d65753798883bb6a8dd24108cb0d03f28f81,56d40730f515df24209cb7017e4ade4f4260c8076c2c336c80a7dc360d278646
80,N8F-069,n8n:13541,formal_evaluation_pool,accepted_unchanged,cb3fb2565acca31191debd4a5eb05e21849ea9c19c666c8c3da1a17f3872cdf1,d6042b64df87f5f35be9834e255c469e358494eb3dd6c143ddf8333d28d65a28
81,N8F-070,n8n:14332,formal_evaluation_pool,accepted_unchanged,35d8aee243d2daa5f7903b434182f62c135eed4481223b8e11be7613d6267a8b,4c33e36c3e1ac3be5a2bc2d541d0909d287ebe98824f5ec69f5f2128a924de42
82,N8F-071,n8n:18216,formal_evaluation_pool,accepted_unchanged,67a22a2c2569dff8d73964f2b8f76d810762bc542a04850c705588f70a14ccd2,9536af7fbca12022ca32ef60ba41aa3d17cbb756dd5ce5a6d9dd32360142c0d7
83,N8F-072,n8n:7926,formal_evaluation_pool,accepted_unchanged,f415c02058cb4cfcbc2caf2c2daf32c93fe47ba9a25927b50d31c2eb2edfc636,04c5cc45688f9860077b2f88927b9389bdc74066287e5b10c2eb6a2b3dba510a
84,N8F-073,n8n:16037,formal_evaluation_pool,accepted_unchanged,a683e5e67c6adf6af3678717cb1c94cfdb91183935cd42c8ede8e8a9ec9351db,882a35c330165b0b938e5ca3f0b7a315bb88f488ac2ed15c9ed96d7768210bc3
85,N8F-074,n8n:13542,formal_evaluation_pool,accepted_unchanged,9eefc9c3e6a2bc171b3c5ee0ec763ca160feab7bd1a566260b7e12671613e404,969ba310afcc52159ec7b53892cabd0318143c197e774342eb1ad5bcce381fd5
86,N8F-075,n8n:11631,formal_evaluation_pool,accepted_unchanged,044c35a6501445e6b8f1135e7ced3f035a6b40a07ab82bd45a9db7d103796a97,45f4b668d1b0908157170c55c095d66c37f89ca387dde1cd584adb238ed34864
87,N8F-076,n8n:9867,formal_evaluation_pool,accepted_unchanged,b0075c2d0a6d2611a99df763c535a76aabe8cc296eba10ee2bf3929806755189,d7e534ba81cfea3b2724314f9be4271c31df790cb0c8f77f9b6fe07917190874
88,N8F-077,n8n:14254,formal_evaluation_pool,accepted_unchanged,7890da3a90dd5b4f0d791afcbfa88c3752f3b7b3fb71714e986a4814cadaf86d,98c9130888ffb15397012ffb86eb8424c48b91afad395adf4a98e0fac6de65de
89,N8F-078,n8n:18340,formal_evaluation_pool,accepted_unchanged,516fd4125103a24ee57abc183b0846cb9808d010d21932506a758d92d533157a,83ee659923db85f807cbe230d5afa8eb3e622ad6314158f49794fc19f4f23c9e
90,N8F-079,n8n:18285,formal_evaluation_pool,accepted_unchanged,cd0ef16acce8695b3ff74e922e5b70a4dca4654e7de8644113918afe00c41d21,382b64244d27e3ddb9aa69e362f1580a5854d68b7acdcf08e6c4c3906537953a
91,N8F-080,n8n:10821,formal_evaluation_pool,accepted_unchanged,77f818bf1ec8145636ff44019ff0ac818389f898256042df22b1aa44ede782a0,608dd0513c40200a4710907cf5714c9bf05167595b77fe861a3adeca321d174a
92,N8F-081,n8n:9540,formal_evaluation_pool,accepted_unchanged,4fddb4581808febff0971090a6bef2f70242cf60156e52874bd2cf7ffc735fca,0be3585d125a9d358b578049678ff171413e289772861e3db5874108b3f7851b
93,N8F-082,n8n:18253,formal_evaluation_pool,accepted_unchanged,84cb33472a458eb5f92eae22c72baa38e82a12f52ec387e92a7167affe1ad239,0d2cea839f1a8850bed445094f07e2c4f2b304777593152979ee5373fc7ff4dd
94,N8F-083,n8n:16039,formal_evaluation_pool,accepted_unchanged,cd6ad0b61888c9ca2666081316453d3658df8f9ac593b55537fe14bb17539cc0,0080a114fde3917eb5f2b690173394f281a971eae6895de6c6be5dedb38efae8
95,N8F-084,n8n:14308,formal_evaluation_pool,accepted_unchanged,2825c5780117d5ee02bffc09933168ffa85d238586378992f3bca7f1b5c3381a,f6f9ed9c6555558f8dba7b8278241562ee2c77c9c335b9437533b3412215fe9e
96,N8F-085,n8n:3003,formal_evaluation_pool,accepted_unchanged,cd1dd53f5dafe1f88e2009c33345a1240d2dc1a5f522836c1a640726d2e127e2,eae0f668e2da5c28276cda3f09828d33d206e079e2ca667b2fc351818825756f
97,N8F-086,n8n:14367,formal_evaluation_pool,accepted_unchanged,65f546f7c4438931f3844181fca98ae8c8885971924154569a0c9e4150e776e4,6243d6f92b860de742162914692f41d8b16449f26a21320bd7a1c3ae2ac2b69f
98,N8F-087,n8n:11135,formal_evaluation_pool,accepted_unchanged,75225bf9174935e25b2784c55430a653af8ea548a72e03cab84a3198ad49eecb,3d4eec1da2d9e680466e37eafa14b194edf3c4045c5abab2de326c09ddd7c864
99,N8F-088,n8n:16122,formal_evaluation_pool,accepted_unchanged,9bbd5b9b1f3d0afbc9c008aca4c7b2ec962b42d36b65323d40d896650c0092e8,80e5a77cb338cf8720917389151609c98e15610882a79aa6565f78781024e0e5
100,N8F-089,n8n:12135,formal_evaluation_pool,accepted_unchanged,a86a4b6953eaf3853ada863c21c7e4611e536ca25381d88dcd11cf127a25ed14,01276649134497f490facc67cdd269c928809e7975e815123f48bf65b6a854ce
101,N8F-090,n8n:9943,formal_evaluation_pool,accepted_unchanged,dc325ca7610f117abb47a02042635345eef3fb8721bfb6ad88e8d7cf1027b5de,741385b2d602778a73820bc89e56f6e523d65b86f64b036c388113fae7d429b1
102,N8F-091,n8n:12189,formal_evaluation_pool,accepted_unchanged,bfc5a0174f2f47a03aab3322797672e7237acc7f2fac5a1468eef5caa756abe4,d5bc35271126e9f84b5d7446a180e99c67bea34f3b9800f19ce1866d7f07abf8
103,N8F-092,n8n:3693,formal_evaluation_pool,revised_and_confirmed,a7a176255dbd9ff31fbf008c4f31a4236368c966592b34fd44f8ea63c426cf4e,4dc57b81e0d7206b06eba9fdba5625182064a9c00432d55d3e24595958130487
104,N8F-093,n8n:16435,formal_evaluation_pool,accepted_unchanged,731c09cfb7871925b1187b84f09c1bfd427085b56351894ead46d50e5e3314f6,c23efaeaf7586f75a7915588985c751cd634adcd647d0ce4b3696dbffac644f2
105,N8F-094,n8n:9789,formal_evaluation_pool,accepted_unchanged,ceb7b933bbf5013a05008a2c2ef7f5c31083a5b0113cd16b68a187163e716c54,87534a10f9ec4db08c9fa12eeac5d1aaa1b6b87c004a3a48dcbd2d52965ce473
106,N8F-095,n8n:16159,formal_evaluation_pool,accepted_unchanged,fa6134b3ff29eede29187b914a84d956494ca03cff7ae614f0a7803a96446175,64ccbb404b96319d88f9d509ca4ba6e71feac0e928d76c5cbfb47de48161e4bf
107,N8F-096,n8n:11401,formal_evaluation_pool,accepted_unchanged,c3cf5840c8f7960c99c2559c43f2636eaf7adeb65d1e1d45e645a053c43807e6,e651719381b7097abbdc405ccb0ec2ea59b161fb2d08e7482daad0b3edb9e91e
108,N8F-097,n8n:9924,formal_evaluation_pool,accepted_unchanged,09b114592de6f6b1dc54665f21ce0d29acbf6d659b39ff3140207f1d9e073eff,6a4376ba2d09be6828a6944b1cef7f039fe044b0ab44bf5381aa8aa94413cf5e
109,N8F-098,n8n:11098,formal_evaluation_pool,accepted_unchanged,62aad480b7dcb753296ee07f9d5fdb33ab4f3558d62bc708275c4c7929514c6e,706edb61b1171d4ca50b042216e7618ff55498df76949c40933454934d253d76
110,N8F-099,n8n:11052,formal_evaluation_pool,accepted_unchanged,34969c87042ec9fe218374afbef1fae036a50a783b37c51e28d2748ed25ae54a,02aa70843bf33f701ab0ea953e6ed00d8c84bf39aca6870233de82f06e8b82c7
111,N8F-100,n8n:12034,formal_evaluation_pool,revised_and_confirmed,87f0a5e946678e7938e4451f78e1089082865c983dffd2e3d42936b95f799fe9,682081589cc24996bd0b7ba4ddf19707761db4f3f2ada0dbd0e84618e38f2f08
112,N8F-101,n8n:18050,formal_evaluation_pool,accepted_unchanged,5a67c53da6298958cb9f283ff6ab8efb72121a8b2560a4835f6bc19e8b10a5c1,8ef2fdd42fe723c28a74fbdf9d92e2515b582632d8a8b2479c5f65f58eaba03b
113,N8F-102,n8n:6737,formal_evaluation_pool,accepted_unchanged,b65f08b8d383ead29fe1930b7658208e56a8c5385c8feaa216bf7bacd6f16766,109f5f3f14538deba344043366d9a22ffcb4aafb7e2d7261a2016b92165c3b5c
114,N8F-103,n8n:2865,formal_evaluation_pool,accepted_unchanged,cc1e695af4b66c1a73a2c139e5da181f3986679c107db1a4420c5aa50f3e9e9b,5cfbfbc0476f7e5eb6f0568d199c333b59c47a529d29e4b7cd88495aababf123
115,N8F-104,n8n:2816,formal_evaluation_pool,accepted_unchanged,b10cbe9f5c9e07d38d66b0d30ef524a4f82b52c6d329c87b956e860ae8e2e9e6,e486de664935b6a5c9a0af07384137c7ffbd034e5056431840a2e85de89d4001
116,N8F-105,n8n:9823,formal_evaluation_pool,accepted_unchanged,cc1568b94f2a03963283bff7fac129b1b831380f6c5bbbe13a5c714a3ef4afea,b099e571b2b871a06a1086a9d7a0795277013975e9a0f660ab9ade3557fc251a
117,N8F-106,n8n:5338,formal_evaluation_pool,accepted_unchanged,17e07482fe3e9e3a56e1fc702b22f3b2da1e111bc9a7b8b0c053231556eeaefa,e215e28e356341c205757787849cff470901f9a02edc87314c9f9ce4c6e686a1
118,N8F-107,n8n:14167,formal_evaluation_pool,accepted_unchanged,140a964cf62073f331a34c55c77f43f960ee3f146cfdb1f61fbd02fc98037fc3,6d36b7a480c55a4d1faf9179dc548300408c4b47cb3e62c191d11d5e011a286b
119,N8F-108,n8n:4966,formal_evaluation_pool,accepted_unchanged,52346e18fb2fe308d9a3f58cbbed18996d5e29152ebe3cd2efa53f34c90f8b22,7ac4f3e95f8580ef0db45b9c93f0e7e36f064b7df8010ee09ddcf96e2605079e
120,N8F-109,n8n:6753,formal_evaluation_pool,accepted_unchanged,a1f853f4b619a03041ae38ce5d5b33ef74150af3c5cf9be6c5d7a906d8b6452e,edb79fe0000e2a219bf32ccedcc971f758c0340a098078c2ca784c21e4b3e7b1
