selection_rank,review_id,source_id,workflow_sha256,decision_basis,usage_restriction,domain_heuristic,native_node_count_band,native_topology,has_explicit_code,has_control_operation,cross_type_direction
1,N8N-SOURCE-13676,n8n:13676,2c9be7e4f002f1a6e003344b7ef574864b31ea5d3f8f6d285c180ddde60d0312,inherited_independent_review_consensus,train_dev_only,general,native_21_40,iteration_or_cycle,True,True,bidirectional
2,N8N-SOURCE-13685,n8n:13685,7bd2f55fabe792f4647b981d3e4b57d30e764e3033fd153e7047174d5c5f48e3,inherited_independent_review_consensus,train_dev_only,general,native_11_20,iteration_or_cycle,True,True,deterministic_to_semantic
3,N8N-SOURCE-14502,n8n:14502,a4622c6724191b8ba1c6aa30430c8c8cca6367d34c38afffeeb6ac73f5c69e59,inherited_independent_review_consensus,train_dev_only,general,native_21_40,multi_branch,True,True,bidirectional
4,N8N-SOURCE-16049,n8n:16049,2b610d00034da163182146b59a62ff0b72b271900146ad05a3a3f90b8ba81308,inherited_independent_review_consensus,train_dev_only,customer_service,native_1_10,sequence_or_parallel_sequences,True,False,semantic_to_deterministic
5,N8N-SOURCE-18235,n8n:18235,d9f8ae2db6af78cc8f28024afe2dc166cbaf100943643d34f0df0d1afd9ee750,inherited_independent_review_consensus,train_dev_only,governance,native_41_plus,multi_branch_join,True,True,bidirectional
6,N8N-SOURCE-18257,n8n:18257,33816830430d2f68d497f344754e86a23549ba20237378cc7005ab20e401268b,inherited_independent_review_consensus,train_dev_only,general,native_41_plus,multi_branch_join,True,True,bidirectional
7,N8N-SOURCE-18268,n8n:18268,56cdd9b67f709dc03ac32e24a08dd9a8f32d7e2400c33f1ef8d3e4637422a42a,inherited_independent_review_consensus,train_dev_only,finance,native_11_20,multi_branch_join,True,True,bidirectional
8,N8N-SOURCE-18304,n8n:18304,d7351ddec2bf3e941d9829fbf3653840e140120905c9c2e6157369b37d16e5b9,inherited_independent_review_consensus,train_dev_only,governance,native_21_40,iteration_or_cycle,True,True,bidirectional
9,N8N-SOURCE-2972,n8n:2972,95a781bab1d7c5f2c8fd3e1bb3c4ce5186a5fcf78ee20eeeef04b422c20ff051,inherited_independent_review_consensus,train_dev_only,general,native_11_20,sequence_or_parallel_sequences,False,True,bidirectional
10,N8N-SOURCE-6713,n8n:6713,d33bc807dcfab655f1f3721eb61e85a592a2172d7fa8ab598eaedda29e6e96bc,inherited_independent_review_consensus,train_dev_only,medical,native_21_40,multi_branch_join,True,True,bidirectional
11,N8N-SOURCE-9248,n8n:9248,e547f50ccd614cc039e44906862fae2927df9dcc402be1f1ae6c63fac0a898f4,inherited_independent_review_consensus,train_dev_only,general,native_1_10,branch_join,True,True,semantic_to_deterministic
12,N8N-SOURCE-18301,n8n:18301,a4de396c27771806fa9f40501a40637a1d1ef2ae847c5e83df5f4e1e0f15c793,independent_third_party_adjudication,unassigned_pre_split,customer_service,native_11_20,single_branch,True,True,bidirectional
13,N8N-SOURCE-12195,n8n:12195,775e2aea98c5e6d6cf6161e724dbb149fb6ba93ff9569642b7f5dd9261d05ef8,independent_review_exact_agreement,unassigned_pre_split,industrial,native_11_20,multi_branch_join,True,True,bidirectional
14,N8N-SOURCE-2778,n8n:2778,45b39daf78bd61f1b707392b8f7f88b8033e504c69059bdabf87d6808568451d,independent_review_exact_agreement,unassigned_pre_split,general,native_21_40,iteration_or_cycle,True,True,bidirectional
15,N8N-SOURCE-18255,n8n:18255,34d2063895ad9d5a9ba0c1b94c129a577228e0e72079b9ca904b2f58edfbfe72,independent_review_exact_agreement,unassigned_pre_split,general,native_21_40,iteration_or_cycle,True,True,bidirectional
16,N8N-SOURCE-13367,n8n:13367,d4c9019b80f31d124e355cceee5ff3f3db63156b1e6e4fe332e10ec3320f4de2,independent_review_exact_agreement,unassigned_pre_split,customer_service,native_11_20,multi_branch_join,True,True,bidirectional
17,N8N-SOURCE-12142,n8n:12142,62e9ab90927e496a53708bb624ff74970ab9d56fa240e23c2e4152d470530aeb,independent_review_exact_agreement,unassigned_pre_split,medical,native_11_20,iteration_or_cycle,True,True,bidirectional
18,N8N-SOURCE-18265,n8n:18265,c6e7af3f0f3728ca24b561785de9febc50acc37c829b7bd20d77adedc2ad2967,independent_review_exact_agreement,unassigned_pre_split,general,native_21_40,iteration_or_cycle,True,True,bidirectional
19,N8N-SOURCE-14338,n8n:14338,741791cdb94734d3298db80b8dd045d2608ca4eb4dde3ef0bc7532a9a47b6e55,independent_review_exact_agreement,unassigned_pre_split,governance,native_21_40,multi_branch_join,True,True,bidirectional
20,N8N-SOURCE-18326,n8n:18326,fd422c1947a13493b6d11223e69709078819c55e44596f56d06335d3de3e965a,independent_third_party_adjudication,unassigned_pre_split,general,native_21_40,iteration_or_cycle,True,True,bidirectional
21,N8N-SOURCE-18250,n8n:18250,d6f56dd488da059fd6726ddc153ac39aebbace420ec2e1080f193c1b037f2adb,independent_third_party_adjudication,unassigned_pre_split,governance,native_11_20,sequence_or_parallel_sequences,True,False,bidirectional
22,N8N-SOURCE-3408,n8n:3408,d4b63d3b1d2f2cd961f045389cb2760ff17367d7cef3484e652278becf66ac38,independent_review_exact_agreement,unassigned_pre_split,general,native_21_40,multi_branch_join,True,True,bidirectional
23,N8N-SOURCE-18252,n8n:18252,75232062339a1c4211ab11e799d5662580067a8bd1b9fb3ed229f768adef0b9a,independent_review_exact_agreement,unassigned_pre_split,general,native_41_plus,iteration_or_cycle,True,True,bidirectional
24,N8N-SOURCE-16235,n8n:16235,9bd784e7b584cd293cba69553acd9ae098868fe54b44b56db4d85809fc963b6d,independent_third_party_adjudication,unassigned_pre_split,customer_service,native_11_20,multi_branch,True,True,bidirectional
25,N8N-SOURCE-7756,n8n:7756,2ceb3de1ae731a06346550adcff102c44363f26655e2c52980f36c0345c142ba,independent_review_exact_agreement,unassigned_pre_split,medical,native_21_40,multi_branch_join,True,True,bidirectional
26,N8N-SOURCE-6777,n8n:6777,77c0825686cd83b8a60632d6f65d0ef34b0076399be52dc3b3c14e087fe07435,independent_review_exact_agreement,unassigned_pre_split,customer_service,native_41_plus,iteration_or_cycle,True,True,bidirectional
27,N8N-SOURCE-6768,n8n:6768,bf317c3b349974c1ca349c19efc234b557327ca435ff322192f802e44249f38c,independent_review_exact_agreement,unassigned_pre_split,general,native_21_40,iteration_or_cycle,True,True,bidirectional
28,N8N-SOURCE-6813,n8n:6813,a642243d59a71534b071a461a8487451e15d2a3234dfa1cc549bab841a030a1f,independent_review_exact_agreement,unassigned_pre_split,customer_service,native_11_20,multi_branch_join,True,True,bidirectional
29,N8N-SOURCE-9886,n8n:9886,4e6864e80d3527d5a06a8e503d186aa4b7b3e3c5c68b250af647f41a2b3a40e4,independent_review_exact_agreement,unassigned_pre_split,governance,native_41_plus,iteration_or_cycle,True,True,bidirectional
30,N8N-SOURCE-12179,n8n:12179,491669520846c738d2e1c9b530a135ae8bd3885f6b7d5245daf3a913f0b96031,independent_review_exact_agreement,unassigned_pre_split,general,native_11_20,iteration_or_cycle,True,True,bidirectional
31,N8N-SOURCE-18236,n8n:18236,b6b75ad2ab22a8dcad67d7b443a7c48e100acd6f0d2ae1177d2c5915025fb2da,independent_review_exact_agreement,unassigned_pre_split,general,native_41_plus,iteration_or_cycle,True,True,bidirectional
32,N8N-SOURCE-18227,n8n:18227,00a12ea31e2240029a168d065b5eba3decdda7b72c14779811ff4ddaa7f758c9,independent_review_exact_agreement,unassigned_pre_split,customer_service,native_11_20,iteration_or_cycle,True,True,bidirectional
33,N8N-SOURCE-18325,n8n:18325,7aee459d40e6754791ee7fbe486e3e568e9de43497342e1855645055b45ec44f,independent_review_exact_agreement,unassigned_pre_split,governance,native_11_20,iteration_or_cycle,True,True,bidirectional
34,N8N-SOURCE-9200,n8n:9200,745473a51c1ab442b581b2bd2f902bdb0973e755850bb01c867af3572ba784bb,independent_review_exact_agreement,unassigned_pre_split,customer_service,native_41_plus,iteration_or_cycle,True,True,bidirectional
35,N8N-SOURCE-18332,n8n:18332,f766a43005b9c2f06fc0ef41f8e3e064b4d5f405ade18b9bd0f70fb337e9285f,independent_review_exact_agreement,unassigned_pre_split,general,native_21_40,multi_branch_join,True,True,bidirectional
36,N8N-SOURCE-11226,n8n:11226,eea4a38ec0dd9a66d100cd3a9406d67f6878aeb002fc34befb7b93fdc349e710,independent_review_exact_agreement,unassigned_pre_split,customer_service,native_11_20,iteration_or_cycle,True,True,bidirectional
37,N8N-SOURCE-18238,n8n:18238,22d7798671e95a36da7083a567a475322428d3cd3c33b1740f63c061c2fa469a,independent_review_exact_agreement,unassigned_pre_split,customer_service,native_21_40,iteration_or_cycle,True,True,bidirectional
38,N8N-SOURCE-14355,n8n:14355,8de5f5a7e048be3ee921eafc5b8c4705cceacb1d9583bf0d6e6f463b7463cda1,independent_review_exact_agreement,unassigned_pre_split,general,native_11_20,iteration_or_cycle,True,True,bidirectional
39,N8N-SOURCE-13518,n8n:13518,2752fd29a2a78c392eb52343d4563f5c243e812097427e41b0446a5dd578ece3,independent_review_exact_agreement,unassigned_pre_split,general,native_1_10,iteration_or_cycle,True,True,bidirectional
40,N8N-SOURCE-11807,n8n:11807,ad9ac5560934b1b90dab2a582200c251c6850da5f3825500ff61df5789346801,independent_review_exact_agreement,unassigned_pre_split,customer_service,native_41_plus,multi_branch_join,True,True,bidirectional
41,N8N-SOURCE-14311,n8n:14311,8912bd0184e8514e58c3931c723e126d4204696291e9849b483a6f36897bb91c,independent_review_exact_agreement,unassigned_pre_split,general,native_11_20,iteration_or_cycle,True,True,bidirectional
42,N8N-SOURCE-8031,n8n:8031,84caeaa1950a018fa8f35931373aa82546836358080e44a241e43bfb2f8b4ece,independent_review_exact_agreement,unassigned_pre_split,general,native_1_10,single_branch,True,True,bidirectional
43,N8N-SOURCE-12264,n8n:12264,67145659865e9b1e6b8a9ce1a16768f527f5e459a0375d5ba360e02fc7ab9421,independent_third_party_adjudication,unassigned_pre_split,general,native_21_40,multi_branch_join,True,True,bidirectional
44,N8N-SOURCE-6729,n8n:6729,f013fef043ed1cd370ec518753462e160371f01deb897870c1040d6bff7cd2be,independent_review_exact_agreement,unassigned_pre_split,general,native_21_40,iteration_or_cycle,True,True,bidirectional
45,N8N-SOURCE-3155,n8n:3155,a29f5b91ef734047596dfdc30ca43fa297a512dba202bfe9d49b510796388d5d,independent_third_party_adjudication,unassigned_pre_split,general,native_21_40,iteration_or_cycle,True,True,bidirectional
46,N8N-SOURCE-3407,n8n:3407,394b3989286c546f01b359bbc5714f41d1a72928d95b3d7260f63b975358382e,independent_review_exact_agreement,unassigned_pre_split,general,native_21_40,iteration_or_cycle,True,True,bidirectional
47,N8N-SOURCE-13962,n8n:13962,f2ab673c970dcca93a61500b769dd38410cc550d8cd8c2f40f6a0c1b2cbc0222,independent_review_exact_agreement,unassigned_pre_split,general,native_21_40,single_branch,True,True,bidirectional
48,N8N-SOURCE-12268,n8n:12268,4de9cd2f0c10b6d8620f54ccfd38fba730d5d0e483e88db40cac336c69eae252,independent_review_exact_agreement,unassigned_pre_split,governance,native_11_20,multi_branch,True,True,bidirectional
49,N8N-SOURCE-14057,n8n:14057,292cd1e22873065d18e7903ad7c8858b16b295aa9e5eb34a129e41b35d1efaac,independent_review_exact_agreement,unassigned_pre_split,general,native_11_20,branch_join,True,True,deterministic_to_semantic
50,N8N-SOURCE-12273,n8n:12273,d91970393f5aaf7cee0141fdfd96fc4f275a56c68e2f3448e22dc6af1209fca1,independent_review_exact_agreement,unassigned_pre_split,general,native_11_20,multi_branch_join,True,False,bidirectional
51,N8N-SOURCE-16223,n8n:16223,97c6f39d7ec6456a4ac3df3ead170d9a0ea144805f8a788d0752c70cfda52632,independent_third_party_adjudication,unassigned_pre_split,customer_service,native_1_10,sequence_or_parallel_sequences,True,True,bidirectional
52,N8N-SOURCE-14368,n8n:14368,f993c298643c0ae5fd46cfb67177a545da8146f149eb50b9a3709826d6f9119a,independent_review_exact_agreement,unassigned_pre_split,governance,native_1_10,multi_branch_join,True,True,bidirectional
53,N8N-SOURCE-16227,n8n:16227,3e1b175cf6042ad8719e993cb88ba011ccd8f53e8602aba1c1a83a6e79e8c31a,independent_review_exact_agreement,unassigned_pre_split,governance,native_11_20,branch_join,True,True,bidirectional
54,N8N-SOURCE-10877,n8n:10877,e1d990130784b06e5d995cba6681634b1820fe0f949826f024fc42563db0bfa6,independent_third_party_adjudication,unassigned_pre_split,general,native_11_20,single_branch,True,True,bidirectional
55,N8N-SOURCE-7996,n8n:7996,2f48b687bd9e989a7f3063e672dba903b470643049f17b44eda7e6199b91a191,independent_review_exact_agreement,unassigned_pre_split,general,native_11_20,branch_join,True,True,bidirectional
56,N8N-SOURCE-14019,n8n:14019,37e53e664b07ee7a3ee2cc19631957a2695347a335f4b8f09efd6347b559a733,independent_review_exact_agreement,unassigned_pre_split,medical,native_21_40,sequence_or_parallel_sequences,True,True,bidirectional
57,N8N-SOURCE-18311,n8n:18311,0236c6a3228ac985482e7edd32a8a39e15588e4ed822fd64ac21418c100a9282,independent_review_exact_agreement,unassigned_pre_split,general,native_21_40,iteration_or_cycle,True,True,bidirectional
58,N8N-SOURCE-18302,n8n:18302,2d2411d50eee2e43d4979faafadd7641478df52e44cc3eaaed32da8dd50bb85a,independent_third_party_adjudication,unassigned_pre_split,customer_service,native_21_40,multi_branch,True,True,bidirectional
59,N8N-SOURCE-10492,n8n:10492,ab21d9c0a6784e152a43cf60d7e9c78f06bf701a3845e69e1604b63aabf72d88,independent_review_exact_agreement,unassigned_pre_split,governance,native_11_20,multi_branch_join,True,True,bidirectional
60,N8N-SOURCE-14357,n8n:14357,5dd03b176ba5a6feb689a8476748af71195567dba3dae334225f5a6b80de68f4,independent_review_exact_agreement,unassigned_pre_split,general,native_1_10,branch_join,True,True,bidirectional
61,N8N-SOURCE-9739,n8n:9739,d55fe391eb4e589df408dd4e4152e001cc7b904404ca2f2715f862f3dd6f2f39,independent_review_exact_agreement,unassigned_pre_split,customer_service,native_11_20,multi_branch_join,True,True,bidirectional
62,N8N-SOURCE-18323,n8n:18323,9c339a30d729e5a92c528cfa2422a3e4cc62e5072136d0317fa784a5a028242c,independent_review_exact_agreement,unassigned_pre_split,customer_service,native_11_20,multi_branch_join,True,True,bidirectional
63,N8N-SOURCE-9885,n8n:9885,1be83596367c9d636155046ea6bcaea961d2d374fd4737ec23cdaeb031241688,independent_review_exact_agreement,unassigned_pre_split,general,native_11_20,iteration_or_cycle,True,True,bidirectional
64,N8N-SOURCE-11121,n8n:11121,dbbed44b585298afb08c775098f6b10ea6c8571283e0c3f52dcdeb5388fc78fb,independent_third_party_adjudication,unassigned_pre_split,general,native_11_20,iteration_or_cycle,True,True,bidirectional
65,N8N-SOURCE-8039,n8n:8039,143690e4b9cc9d12e42e9f2c0179ca0c7f2ccaba8e7c545744ba9fbd00910dea,independent_review_exact_agreement,unassigned_pre_split,general,native_1_10,branch_join,True,False,bidirectional
66,N8N-SOURCE-9344,n8n:9344,ac9c806ac0c0f4c47534bdd364a9812d01b713df0ddeb650ef53f7116aff6250,independent_review_exact_agreement,unassigned_pre_split,general,native_1_10,iteration_or_cycle,True,True,bidirectional
67,N8N-SOURCE-6765,n8n:6765,8b8b9efe6139ae9320edf3c7a1767fdb95011020e043e63b64450972cfcfc6d3,independent_review_exact_agreement,unassigned_pre_split,general,native_21_40,iteration_or_cycle,True,True,bidirectional
68,N8N-SOURCE-18212,n8n:18212,1afda37d8647dadad05ba9318a5afe361de5d45f5e1c5b2f0056c8c151415ee8,independent_review_exact_agreement,unassigned_pre_split,general,native_11_20,single_branch,True,True,bidirectional
69,N8N-SOURCE-5962,n8n:5962,28298202d7bf7dbcc75786e0d7b66693eae06859c04f37adcc9abb3476a3532b,independent_review_exact_agreement,unassigned_pre_split,customer_service,native_1_10,sequence_or_parallel_sequences,True,False,bidirectional
70,N8N-SOURCE-16513,n8n:16513,fc8c81f9b1bd950eb060414e51220fc54d1a85c7df3f78591470d3f7775268c5,independent_review_exact_agreement,unassigned_pre_split,general,native_1_10,sequence_or_parallel_sequences,True,False,bidirectional
71,N8N-SOURCE-12119,n8n:12119,7250252f6d0bd6a34157a0889929602dd71fea80403096f9e4da0ab05e0a813f,independent_review_exact_agreement,unassigned_pre_split,customer_service,native_21_40,iteration_or_cycle,True,True,bidirectional
72,N8N-SOURCE-6772,n8n:6772,11c85ef184024524ce1ca2fc92743b6b9013cd4005524242758fda6d379dcaea,independent_review_exact_agreement,unassigned_pre_split,governance,native_11_20,sequence_or_parallel_sequences,True,True,bidirectional
73,N8N-SOURCE-16459,n8n:16459,c5a83363604793df87fdeedcd054157e28de81f5862aa84cfa3b6794a8a89414,independent_review_exact_agreement,unassigned_pre_split,finance,native_11_20,multi_branch_join,True,True,bidirectional
74,N8N-SOURCE-2937,n8n:2937,7a6e3fa5aec9f6b4529e9fa4c72588f81320332c66cf2bb15f1accb8454d3026,independent_review_exact_agreement,unassigned_pre_split,general,native_11_20,branch_join,True,True,bidirectional
75,N8N-SOURCE-14805,n8n:14805,3b52e13b76fcaad66736fb9ca4a01cfd802250aee8c218069e8b55a1c633b08f,independent_third_party_adjudication,unassigned_pre_split,governance,native_11_20,iteration_or_cycle,True,True,bidirectional
76,N8N-SOURCE-13543,n8n:13543,cd4c7a1de9d915b27f4993dd6da2734cfdca9ee2420c1310ef86df910953485a,independent_review_exact_agreement,unassigned_pre_split,customer_service,native_11_20,branch_join,True,True,bidirectional
77,N8N-SOURCE-14331,n8n:14331,fe2d8aa9ede7e0d6b1f8fd2abfcff08590d80c9f5504f62a3cac7648ca717949,independent_review_exact_agreement,unassigned_pre_split,general,native_11_20,multi_branch,True,True,bidirectional
78,N8N-SOURCE-11969,n8n:11969,edf8c7e4f565b33a1ba2198276ad2d90b5f2d487165e760f64aa0091767150cd,independent_review_exact_agreement,unassigned_pre_split,general,native_11_20,multi_branch_join,True,True,bidirectional
79,N8N-SOURCE-3302,n8n:3302,073467a3d3b2c2723f58d18d30dde9a2fa7d2f3bfa736d004693056d8e0a6423,independent_review_exact_agreement,unassigned_pre_split,general,native_11_20,multi_branch,True,True,deterministic_to_semantic
80,N8N-SOURCE-13541,n8n:13541,6e503cf9623ce3d46000fa26d724cd2c92c1784ef1c9dde2809645af0768623e,independent_review_exact_agreement,unassigned_pre_split,customer_service,native_11_20,multi_branch_join,True,True,bidirectional
81,N8N-SOURCE-14332,n8n:14332,56cea4db8406baa333bdb99ab1be7bfdf0a60e776495cf0b849532efca58e2b5,independent_review_exact_agreement,unassigned_pre_split,customer_service,native_1_10,single_branch,True,False,bidirectional
82,N8N-SOURCE-18216,n8n:18216,bbfda3c3953ba659cef78387c720db0b2290bcbe8e89ad8c23a77097599dbdf1,independent_review_exact_agreement,unassigned_pre_split,customer_service,native_11_20,multi_branch_join,True,True,bidirectional
83,N8N-SOURCE-7926,n8n:7926,63bb1439e177b67ee8af5ab41213fd871c29e46d3501621ab4caa32b334bec6b,independent_review_exact_agreement,unassigned_pre_split,governance,native_1_10,multi_branch_join,True,True,bidirectional
84,N8N-SOURCE-16037,n8n:16037,30f9412dc52e8a871c7ac56d03e45c5c3cfcdd97c6298822489ee58e57fad55e,independent_third_party_adjudication,unassigned_pre_split,general,native_1_10,sequence_or_parallel_sequences,True,False,bidirectional
85,N8N-SOURCE-13542,n8n:13542,01ed033aa21c22bad170b58bfb2000b3e7654853e91ace5c3515bfc9db506360,independent_third_party_adjudication,unassigned_pre_split,customer_service,native_11_20,iteration_or_cycle,True,True,bidirectional
86,N8N-SOURCE-11631,n8n:11631,aabe2088df75247ab608b0c1c0a721c64e75d46a556f8ceeda5c9016e521ad71,independent_review_exact_agreement,unassigned_pre_split,general,native_11_20,iteration_or_cycle,True,True,bidirectional
87,N8N-SOURCE-9867,n8n:9867,aa3c67776af0f5f7f9fe6065b0c2960249bbe6bd3f9783a164900f1c1d0c3217,independent_review_exact_agreement,unassigned_pre_split,customer_service,native_11_20,iteration_or_cycle,True,True,bidirectional
88,N8N-SOURCE-14254,n8n:14254,372266a05032fb8feb73029f410a4eb3f3d9c937e3a01f8cbe841a27bb7a5be5,independent_review_exact_agreement,unassigned_pre_split,general,native_1_10,single_branch,True,True,bidirectional
89,N8N-SOURCE-18340,n8n:18340,6ce5f3c351e1a705137bef46ef614860e1b2f1424fbd0f721851d9f10f9bb7a0,independent_review_exact_agreement,unassigned_pre_split,customer_service,native_11_20,branch_join,True,True,bidirectional
90,N8N-SOURCE-18285,n8n:18285,bd674b8df643045d24d29ce3c0d50f33116a4198378f9bc4b99d6795f69f6e90,independent_review_exact_agreement,unassigned_pre_split,general,native_11_20,single_branch,True,True,bidirectional
91,N8N-SOURCE-10821,n8n:10821,f6cae2478f549f2983a8f88c02ec14513d6d943ff1062c220c9c91e027734470,independent_review_exact_agreement,unassigned_pre_split,governance,native_11_20,single_branch,True,True,bidirectional
92,N8N-SOURCE-9540,n8n:9540,99692f390537469c5d48017f7fb875faf13fbe6eed66a6792b301227ff5799d6,independent_review_exact_agreement,unassigned_pre_split,general,native_11_20,iteration_or_cycle,True,True,bidirectional
93,N8N-SOURCE-18253,n8n:18253,7b71d493d5eea9ffe486e3eef33c3054f6b2d8910d499ca12d8d230145fb4fb4,independent_third_party_adjudication,unassigned_pre_split,governance,native_41_plus,multi_branch_join,True,True,bidirectional
94,N8N-SOURCE-16039,n8n:16039,4ffad93b240b58383697de64473a9190de5279935bb424c8b12607a0fe3cdaad,independent_review_exact_agreement,unassigned_pre_split,customer_service,native_11_20,single_branch,True,True,bidirectional
95,N8N-SOURCE-14308,n8n:14308,0743cb45938764956c746b07454f9dc1f695a98d514f8cfa3d13cada44d2fdd2,independent_third_party_adjudication,unassigned_pre_split,general,native_11_20,single_branch,True,True,bidirectional
96,N8N-SOURCE-3003,n8n:3003,c54c3be37c4e283fc4ffbdf5f694ffb12a04ddd54d92646790ef4b452242a2ab,independent_review_exact_agreement,unassigned_pre_split,general,native_21_40,multi_branch_join,True,True,deterministic_to_semantic
97,N8N-SOURCE-14367,n8n:14367,2e3cfc20d6a23d313445a242554bd4cf045283c0ad0b9c7de9f0c0a0110a7cb5,independent_third_party_adjudication,unassigned_pre_split,customer_service,native_1_10,single_branch,True,True,bidirectional
98,N8N-SOURCE-11135,n8n:11135,b3f9862b55333c06774364ffe22fea8c5408f1ec2087c27201d96ee75697d35b,independent_review_exact_agreement,unassigned_pre_split,general,native_21_40,sequence_or_parallel_sequences,True,True,bidirectional
99,N8N-SOURCE-16122,n8n:16122,f4c55f99f7aa9e0f459c8f2a1d433478789c00a5bb4f55d0be270b3398b24aa0,independent_review_exact_agreement,unassigned_pre_split,general,native_1_10,branch_join,True,True,bidirectional
100,N8N-SOURCE-12135,n8n:12135,7c749a4123e61abbac4519e81f824dfa06ef05846df40d0386d3d0538f993a1a,independent_review_exact_agreement,unassigned_pre_split,general,native_21_40,multi_branch_join,True,True,bidirectional
101,N8N-SOURCE-9943,n8n:9943,a80152140a094b32298a69a56cf55872f174268ea9079ad75b56d65a0339a6bb,independent_review_exact_agreement,unassigned_pre_split,customer_service,native_1_10,multi_branch_join,True,True,bidirectional
102,N8N-SOURCE-12189,n8n:12189,e84ecc0cfd7c4562259075248fb0910302c4a80f053c5a0527b0d7a5cdea435a,independent_review_exact_agreement,unassigned_pre_split,general,native_11_20,iteration_or_cycle,True,True,bidirectional
103,N8N-SOURCE-3693,n8n:3693,0cbfd441d6add0b66eea9b010dee46eabf46bd04932c7701871ec3d9875de082,independent_review_exact_agreement,unassigned_pre_split,medical,native_1_10,multi_branch_join,True,False,bidirectional
104,N8N-SOURCE-16435,n8n:16435,6dc61a2a74d104979f8be72f1a4ba3ef80fda18a2d45667afa4fac92627d6e0a,independent_third_party_adjudication,unassigned_pre_split,general,native_11_20,multi_branch_join,True,True,bidirectional
105,N8N-SOURCE-9789,n8n:9789,56ffee586a99f37a39a42b0edd5ccaeec185ca17be91843eae0451a0068e2bbc,independent_review_exact_agreement,unassigned_pre_split,governance,native_1_10,branch_join,True,True,semantic_to_deterministic
106,N8N-SOURCE-16159,n8n:16159,fbb1caf1868c2f6e5f3cfbedaf95ef756adc2eed9aabd24c7b514b21d476fc8b,independent_third_party_adjudication,unassigned_pre_split,general,native_11_20,iteration_or_cycle,True,True,bidirectional
107,N8N-SOURCE-11401,n8n:11401,570065f3bac86c114e9e30b52e2ee2d2b623b4b7779b717be933d5d752012c73,independent_review_exact_agreement,unassigned_pre_split,governance,native_11_20,iteration_or_cycle,True,True,bidirectional
108,N8N-SOURCE-9924,n8n:9924,068f19b13df9677ebd4d037bafbce9651157cdc281944b87a6cef92689ab5dcc,independent_third_party_adjudication,unassigned_pre_split,general,native_1_10,branch_join,True,True,semantic_to_deterministic
109,N8N-SOURCE-11098,n8n:11098,8537c06965164285312d7c84f2095461caf60a2b95edd293b522833b0db372a9,independent_third_party_adjudication,unassigned_pre_split,general,native_11_20,multi_branch,True,False,bidirectional
110,N8N-SOURCE-11052,n8n:11052,8a5fece452f33586bb71398a696fb71baaa2245b85f9c4e9cdb354756e06aaf4,independent_review_exact_agreement,unassigned_pre_split,customer_service,native_11_20,single_branch,False,False,bidirectional
111,N8N-SOURCE-12034,n8n:12034,a0b544c181243d118b7506bd20327939976635e4bf042478be87e71a11f3f1f4,independent_review_exact_agreement,unassigned_pre_split,governance,native_11_20,multi_branch_join,False,False,bidirectional
112,N8N-SOURCE-18050,n8n:18050,9623b21be7dba6e9daedffa879365aec9eb3a4b5ad9441a8e3ca5e8f52440831,independent_review_exact_agreement,unassigned_pre_split,governance,native_11_20,multi_branch,True,True,semantic_to_deterministic
113,N8N-SOURCE-6737,n8n:6737,ba995869aa4e3411ad6ca40c31e166fd65f47bef6c70a1eb3b8781f6a04da16d,independent_review_exact_agreement,unassigned_pre_split,general,native_21_40,iteration_or_cycle,True,True,deterministic_to_semantic
114,N8N-SOURCE-2865,n8n:2865,3ab1eaae33227282a613b5f323b0c253c350c7a8792eb7f609df2052825cbf9d,independent_review_exact_agreement,unassigned_pre_split,general,native_1_10,single_branch,True,False,deterministic_to_semantic
115,N8N-SOURCE-2816,n8n:2816,97b6f503c525f4cf0e89f6ffbe2bbae274daac47825f05bb4e1459957fa7b191,independent_review_exact_agreement,unassigned_pre_split,general,native_11_20,iteration_or_cycle,True,True,semantic_to_deterministic
116,N8N-SOURCE-9823,n8n:9823,5227add22d5de15f8d50f5cd9ef37b4991b600389f701f326bf6030bb4bb0572,independent_review_exact_agreement,unassigned_pre_split,general,native_11_20,multi_branch_join,True,True,semantic_to_deterministic
117,N8N-SOURCE-5338,n8n:5338,5a0ee73fb26ecd8b48a00fd65954a7d47c209ff786f3a12e65c4a1e076880d76,independent_review_exact_agreement,unassigned_pre_split,customer_service,native_21_40,branch_join,True,True,semantic_to_deterministic
118,N8N-SOURCE-14167,n8n:14167,d7c64a90c4d3e1f2c4c4e9592896f7fe1eb06db65e1f1d177a46bfd3d2daacb8,independent_third_party_adjudication,unassigned_pre_split,customer_service,native_1_10,single_branch,True,False,deterministic_to_semantic
119,N8N-SOURCE-4966,n8n:4966,66cae9fd46516117222ab12c4d34d852756dd1a8829d978a891c312f02bdc7e5,independent_review_exact_agreement,unassigned_pre_split,customer_service,native_11_20,single_branch,True,True,semantic_to_deterministic
120,N8N-SOURCE-6753,n8n:6753,0d8599309455c370a559408056724314ecbc3300dcd3b174fd2503d6762d8f02,independent_review_exact_agreement,unassigned_pre_split,general,native_11_20,multi_branch_join,True,True,deterministic_to_semantic
